,Dimension,Birth,Death
0,0,0.0,0.8783507347106934
1,0,0.0,0.9012768864631653
2,0,0.0,0.9102510809898376
3,0,0.0,0.9488756656646729
4,0,0.0,1.0126622915267944
5,0,0.0,1.2375508546829224
6,0,0.0,1.2469085454940796
7,0,0.0,1.2500371932983398
8,0,0.0,1.2582364082336426
9,0,0.0,1.2583215236663818
10,0,0.0,1.273277997970581
11,0,0.0,1.282623052597046
12,0,0.0,1.2935864925384521
13,0,0.0,1.2949756383895874
14,0,0.0,1.2966753244400024
15,0,0.0,1.3197174072265625
16,0,0.0,1.3354856967926025
17,0,0.0,1.3461370468139648
18,0,0.0,1.3552978038787842
19,0,0.0,1.35785710811615
20,0,0.0,1.3638273477554321
21,0,0.0,1.3713176250457764
22,0,0.0,1.3721551895141602
23,0,0.0,1.3837264776229858
24,0,0.0,1.3885953426361084
25,0,0.0,1.3988852500915527
26,0,0.0,1.407017469406128
27,0,0.0,1.4150409698486328
28,0,0.0,1.4165323972702026
29,0,0.0,1.416793942451477
30,0,0.0,1.4168373346328735
31,0,0.0,1.4169946908950806
32,0,0.0,1.4174336194992065
33,0,0.0,1.4179223775863647
34,0,0.0,1.417939305305481
35,0,0.0,1.418274998664856
36,0,0.0,1.418407917022705
37,0,0.0,1.4184554815292358
38,0,0.0,1.4184752702713013
39,0,0.0,1.4184999465942383
40,0,0.0,1.418548583984375
41,0,0.0,1.4185736179351807
42,0,0.0,1.4186300039291382
43,0,0.0,1.4200063943862915
44,0,0.0,1.4216711521148682
45,0,0.0,1.4218579530715942
46,0,0.0,1.422576904296875
47,0,0.0,1.4268535375595093
48,0,0.0,1.4381376504898071
49,0,0.0,1.4454220533370972
50,0,0.0,1.4504765272140503
51,0,0.0,1.4508187770843506
52,0,0.0,1.4565328359603882
53,0,0.0,1.4584563970565796
54,0,0.0,1.4650843143463135
55,0,0.0,1.4660542011260986
56,0,0.0,1.4671670198440552
57,0,0.0,1.4689680337905884
58,0,0.0,1.4705651998519897
59,0,0.0,1.4713160991668701
60,0,0.0,1.471404790878296
61,0,0.0,1.4750820398330688
62,0,0.0,1.4764044284820557
63,0,0.0,1.478032112121582
64,0,0.0,1.4786436557769775
65,0,0.0,1.4832053184509277
66,0,0.0,1.483339786529541
67,0,0.0,1.483474612236023
68,0,0.0,1.4836424589157104
69,0,0.0,1.4853174686431885
70,0,0.0,1.4867292642593384
71,0,0.0,1.4873499870300293
72,0,0.0,1.4891043901443481
73,0,0.0,1.4897559881210327
74,0,0.0,1.4901235103607178
75,0,0.0,1.490733027458191
76,0,0.0,1.4920049905776978
77,0,0.0,1.4940201044082642
78,0,0.0,1.5000406503677368
79,0,0.0,1.5018424987792969
80,0,0.0,1.5035455226898193
81,0,0.0,1.5036861896514893
82,0,0.0,1.5037111043930054
83,0,0.0,1.5038317441940308
84,0,0.0,1.503874659538269
85,0,0.0,1.5045806169509888
86,0,0.0,1.5047727823257446
87,0,0.0,1.5053272247314453
88,0,0.0,1.505872130393982
89,0,0.0,1.5062178373336792
90,0,0.0,1.507796049118042
91,0,0.0,1.5089894533157349
92,0,0.0,1.5104492902755737
93,0,0.0,1.510483741760254
94,0,0.0,1.5104986429214478
95,0,0.0,1.5120981931686401
96,0,0.0,1.512741208076477
97,0,0.0,1.5149798393249512
98,0,0.0,1.5155233144760132
99,0,0.0,1.5167685747146606
100,0,0.0,1.5169463157653809
101,0,0.0,1.5169752836227417
102,0,0.0,1.517341136932373
103,0,0.0,1.517398476600647
104,0,0.0,1.5186272859573364
105,0,0.0,1.5191583633422852
106,0,0.0,1.5196025371551514
107,0,0.0,1.5204167366027832
108,0,0.0,1.5235724449157715
109,0,0.0,1.5272436141967773
110,0,0.0,1.5293707847595215
111,0,0.0,1.5362838506698608
112,0,0.0,1.5451420545578003
113,0,0.0,1.5471991300582886
114,0,0.0,1.5505315065383911
115,0,0.0,1.5520524978637695
116,0,0.0,1.5521314144134521
117,0,0.0,1.5572501420974731
118,0,0.0,1.5609179735183716
119,0,0.0,1.5624122619628906
120,0,0.0,1.5638046264648438
121,0,0.0,1.56839120388031
122,0,0.0,1.56843101978302
123,0,0.0,1.5684820413589478
124,0,0.0,1.5684820413589478
125,0,0.0,1.5684858560562134
126,0,0.0,1.5685518980026245
127,0,0.0,1.5689573287963867
128,0,0.0,1.5696834325790405
129,0,0.0,1.5709799528121948
130,0,0.0,1.5721278190612793
131,0,0.0,1.5744612216949463
132,0,0.0,1.577928066253662
133,0,0.0,1.578602910041809
134,0,0.0,1.5828170776367188
135,0,0.0,1.5863451957702637
136,0,0.0,1.5891070365905762
137,0,0.0,1.5892057418823242
138,0,0.0,1.5897531509399414
139,0,0.0,1.5912532806396484
140,0,0.0,1.5913397073745728
141,0,0.0,1.591502070426941
142,0,0.0,1.5915884971618652
143,0,0.0,1.5926424264907837
144,0,0.0,1.5927215814590454
145,0,0.0,1.5933605432510376
146,0,0.0,1.5935252904891968
147,0,0.0,1.5935959815979004
148,0,0.0,1.5951162576675415
149,0,0.0,1.5952545404434204
150,0,0.0,1.5961660146713257
151,0,0.0,1.5961769819259644
152,0,0.0,1.5968797206878662
153,0,0.0,1.5974751710891724
154,0,0.0,1.5974936485290527
155,0,0.0,1.599955677986145
156,0,0.0,1.6010427474975586
157,0,0.0,1.6021286249160767
158,0,0.0,1.6024737358093262
159,0,0.0,1.6032551527023315
160,0,0.0,1.606001853942871
161,0,0.0,1.6088883876800537
162,0,0.0,1.6100354194641113
163,0,0.0,1.610256552696228
164,0,0.0,1.6103260517120361
165,0,0.0,1.6134930849075317
166,0,0.0,1.6201812028884888
167,0,0.0,1.6260168552398682
168,0,0.0,1.6262816190719604
169,0,0.0,1.634618878364563
170,0,0.0,1.6350005865097046
171,0,0.0,1.6355937719345093
172,0,0.0,1.6359251737594604
173,0,0.0,1.6432656049728394
174,0,0.0,1.6441477537155151
175,0,0.0,1.6544926166534424
176,0,0.0,1.6553388833999634
177,0,0.0,1.655886173248291
178,0,0.0,1.657522201538086
179,0,0.0,1.6597294807434082
180,0,0.0,1.661339521408081
181,0,0.0,1.6614646911621094
182,0,0.0,1.6760015487670898
183,0,0.0,1.6799225807189941
184,0,0.0,1.6860984563827515
185,0,0.0,1.6861885786056519
186,0,0.0,1.6867611408233643
187,0,0.0,1.6885132789611816
188,0,0.0,1.6891640424728394
189,0,0.0,1.690510869026184
190,0,0.0,1.69387686252594
191,0,0.0,1.6992865800857544
192,0,0.0,1.702239751815796
193,0,0.0,1.707084059715271
194,0,0.0,1.7075347900390625
195,0,0.0,1.728638768196106
196,0,0.0,1.7310736179351807
197,0,0.0,1.7363680601119995
198,0,0.0,1.7602908611297607
199,0,0.0,1.7609840631484985
200,0,0.0,1.7642663717269897
201,0,0.0,1.776540756225586
202,0,0.0,1.7859300374984741
203,0,0.0,1.793408751487732
204,0,0.0,1.8011640310287476
205,0,0.0,1.8065433502197266
206,0,0.0,1.8106846809387207
207,0,0.0,1.8115838766098022
208,0,0.0,1.8451471328735352
209,0,0.0,1.8567382097244263
210,0,0.0,1.8570492267608643
211,0,0.0,1.8713289499282837
212,0,0.0,1.880399465560913
213,0,0.0,1.8866363763809204
214,0,0.0,1.9033544063568115
215,0,0.0,1.9035159349441528
216,0,0.0,1.9035325050354004
217,0,0.0,1.9040753841400146
218,0,0.0,1.9043880701065063
219,0,0.0,1.9044133424758911
220,0,0.0,1.9044660329818726
221,0,0.0,1.9044703245162964
222,0,0.0,1.9050183296203613
223,0,0.0,1.9060142040252686
224,0,0.0,1.9086432456970215
225,0,0.0,1.9113644361495972
226,0,0.0,1.9113808870315552
227,0,0.0,1.912673830986023
228,0,0.0,1.9148143529891968
229,0,0.0,1.9159293174743652
230,0,0.0,1.9168310165405273
231,0,0.0,1.9170424938201904
232,0,0.0,1.9170769453048706
233,0,0.0,1.9176290035247803
234,0,0.0,1.9177082777023315
235,0,0.0,1.9177322387695312
236,0,0.0,1.9180700778961182
237,0,0.0,1.9196022748947144
238,0,0.0,1.9197719097137451
239,0,0.0,1.934082269668579
240,0,0.0,1.9367560148239136
241,0,0.0,1.9483574628829956
242,0,0.0,1.9522371292114258
243,0,0.0,1.9566775560379028
244,0,0.0,1.959230661392212
245,0,0.0,1.967197299003601
246,0,0.0,1.9674041271209717
247,0,0.0,1.9682936668395996
248,0,0.0,1.9695565700531006
249,0,0.0,1.972448468208313
250,0,0.0,1.9724905490875244
251,0,0.0,1.975598931312561
252,0,0.0,1.979412317276001
253,0,0.0,1.9828838109970093
254,0,0.0,1.987130045890808
255,0,0.0,1.987391710281372
256,0,0.0,1.9880319833755493
257,0,0.0,1.990192174911499
258,0,0.0,1.994667887687683
259,0,0.0,1.998916745185852
260,0,0.0,2.0106449127197266
261,0,0.0,2.0129847526550293
262,0,0.0,2.013911008834839
263,0,0.0,2.0159380435943604
264,0,0.0,2.0173776149749756
265,0,0.0,2.0217742919921875
266,0,0.0,2.021784543991089
267,0,0.0,2.022461175918579
268,0,0.0,2.0225272178649902
269,0,0.0,2.023075819015503
270,0,0.0,2.0237836837768555
271,0,0.0,2.023808002471924
272,0,0.0,2.0242552757263184
273,0,0.0,2.024444818496704
274,0,0.0,2.024689197540283
275,0,0.0,2.024912118911743
276,0,0.0,2.0262110233306885
277,0,0.0,2.0535128116607666
278,0,0.0,2.0545341968536377
279,0,0.0,2.0590617656707764
280,0,0.0,2.0659592151641846
281,0,0.0,2.0738108158111572
282,0,0.0,2.0787432193756104
283,0,0.0,2.0942676067352295
284,0,0.0,2.1096994876861572
285,0,0.0,2.115651845932007
286,0,0.0,2.1250977516174316
287,0,0.0,2.1261792182922363
288,0,0.0,2.130417585372925
289,0,0.0,2.139606237411499
290,0,0.0,2.1417105197906494
291,0,0.0,2.144538402557373
292,0,0.0,2.145817279815674
293,0,0.0,2.147496223449707
294,0,0.0,2.147854804992676
295,0,0.0,2.1488988399505615
296,0,0.0,2.154534339904785
297,0,0.0,2.1741466522216797
298,0,0.0,2.182063102722168
299,0,0.0,2.182208299636841
300,0,0.0,2.1958563327789307
301,0,0.0,2.210531711578369
302,0,0.0,2.211949586868286
303,0,0.0,2.217783212661743
304,0,0.0,2.2202308177948
305,0,0.0,2.22812819480896
306,0,0.0,2.2480387687683105
307,0,0.0,2.26431941986084
308,0,0.0,2.270939350128174
309,0,0.0,2.2809319496154785
310,0,0.0,2.298527479171753
311,0,0.0,2.2994511127471924
312,0,0.0,2.314896583557129
313,0,0.0,2.3184454441070557
314,0,0.0,2.318912982940674
315,0,0.0,2.318997383117676
316,0,0.0,2.3239097595214844
317,0,0.0,2.3340935707092285
318,0,0.0,2.351094961166382
319,0,0.0,2.362854242324829
320,0,0.0,2.364306688308716
321,0,0.0,2.3727023601531982
322,0,0.0,2.377089738845825
323,0,0.0,2.3775272369384766
324,0,0.0,2.37764835357666
325,0,0.0,2.3783583641052246
326,0,0.0,2.378828287124634
327,0,0.0,2.3793747425079346
328,0,0.0,2.3794989585876465
329,0,0.0,2.379729986190796
330,0,0.0,2.3799242973327637
331,0,0.0,2.3799965381622314
332,0,0.0,2.380341053009033
333,0,0.0,2.3813912868499756
334,0,0.0,2.3824870586395264
335,0,0.0,2.3843815326690674
336,0,0.0,2.3952059745788574
337,0,0.0,2.3959779739379883
338,0,0.0,2.396040439605713
339,0,0.0,2.3964388370513916
340,0,0.0,2.3966758251190186
341,0,0.0,2.396691083908081
342,0,0.0,2.3994736671447754
343,0,0.0,2.4003682136535645
344,0,0.0,2.4032962322235107
345,0,0.0,2.4047927856445312
346,0,0.0,2.406365394592285
347,0,0.0,2.406770944595337
348,0,0.0,2.4075868129730225
349,0,0.0,2.407627820968628
350,0,0.0,2.409475803375244
351,0,0.0,2.410616874694824
352,0,0.0,2.4111714363098145
353,0,0.0,2.418489933013916
354,0,0.0,2.4242398738861084
355,0,0.0,2.4299869537353516
356,0,0.0,2.432347536087036
357,0,0.0,2.4419686794281006
358,0,0.0,2.4427242279052734
359,0,0.0,2.4427342414855957
360,0,0.0,2.442826747894287
361,0,0.0,2.4428374767303467
362,0,0.0,2.4435315132141113
363,0,0.0,2.4436912536621094
364,0,0.0,2.4453020095825195
365,0,0.0,2.466609001159668
366,0,0.0,2.4925899505615234
367,0,0.0,2.4942567348480225
368,0,0.0,2.496936321258545
369,0,0.0,2.501121759414673
370,0,0.0,2.501412868499756
371,0,0.0,2.511660099029541
372,0,0.0,2.515554189682007
373,0,0.0,2.5159268379211426
374,0,0.0,2.516202688217163
375,0,0.0,2.5162582397460938
376,0,0.0,2.5163753032684326
377,0,0.0,2.5164871215820312
378,0,0.0,2.523468017578125
379,0,0.0,2.5313382148742676
380,0,0.0,2.5359153747558594
381,0,0.0,2.5375211238861084
382,0,0.0,2.538968563079834
383,0,0.0,2.5507335662841797
384,0,0.0,2.585881233215332
385,0,0.0,2.5926427841186523
386,0,0.0,2.604504108428955
387,0,0.0,2.6494686603546143
388,0,0.0,2.65407657623291
389,0,0.0,2.6567788124084473
390,0,0.0,2.6586978435516357
391,0,0.0,2.659170627593994
392,0,0.0,2.6728506088256836
393,0,0.0,2.6776375770568848
394,0,0.0,2.683623790740967
395,0,0.0,2.685380697250366
396,0,0.0,2.685479164123535
397,0,0.0,2.685631036758423
398,0,0.0,2.6878373622894287
399,0,0.0,2.689504861831665
400,0,0.0,2.6897661685943604
401,0,0.0,2.6904709339141846
402,0,0.0,2.6905229091644287
403,0,0.0,2.690683603286743
404,0,0.0,2.6913278102874756
405,0,0.0,2.691520929336548
406,0,0.0,2.6948063373565674
407,0,0.0,2.6957192420959473
408,0,0.0,2.696763038635254
409,0,0.0,2.696855306625366
410,0,0.0,2.697333574295044
411,0,0.0,2.6973960399627686
412,0,0.0,2.6975460052490234
413,0,0.0,2.6975889205932617
414,0,0.0,2.6977202892303467
415,0,0.0,2.7002036571502686
416,0,0.0,2.703566074371338
417,0,0.0,2.704087257385254
418,0,0.0,2.7052416801452637
419,0,0.0,2.7067148685455322
420,0,0.0,2.7067928314208984
421,0,0.0,2.709117889404297
422,0,0.0,2.712615966796875
423,0,0.0,2.714984893798828
424,0,0.0,2.7178544998168945
425,0,0.0,2.7236413955688477
426,0,0.0,2.78244686126709
427,0,0.0,2.799947500228882
428,0,0.0,2.8167929649353027
429,0,0.0,2.817857027053833
430,0,0.0,2.826688051223755
431,0,0.0,2.827733278274536
432,0,0.0,2.8364386558532715
433,0,0.0,2.8513033390045166
434,0,0.0,2.8545734882354736
435,0,0.0,2.8634719848632812
436,0,0.0,2.874379873275757
437,0,0.0,2.879533529281616
438,0,0.0,2.8803749084472656
439,0,0.0,2.8813514709472656
440,0,0.0,2.8827199935913086
441,0,0.0,2.8837082386016846
442,0,0.0,2.9553771018981934
443,0,0.0,2.9661433696746826
444,0,0.0,2.9668123722076416
445,0,0.0,2.979410409927368
446,0,0.0,2.9814302921295166
447,0,0.0,3.0835304260253906
448,0,0.0,3.089522361755371
449,0,0.0,3.0954103469848633
450,0,0.0,3.095416784286499
451,0,0.0,3.096155881881714
452,0,0.0,3.3952579498291016
453,0,0.0,3.4346907138824463
454,0,0.0,3.443474531173706
455,0,0.0,3.5003764629364014
456,0,0.0,3.5218374729156494
457,0,0.0,3.530245780944824
458,0,0.0,3.530998706817627
459,0,0.0,3.546339273452759
460,0,0.0,3.5490245819091797
461,0,0.0,3.5616259574890137
462,0,0.0,3.5745761394500732
463,0,0.0,3.6014351844787598
464,0,0.0,3.607335329055786
465,0,0.0,3.616132974624634
466,0,0.0,3.641206979751587
467,0,0.0,3.646162986755371
468,0,0.0,3.649404287338257
469,0,0.0,3.660583019256592
470,0,0.0,3.6786611080169678
471,0,0.0,3.694615125656128
472,0,0.0,3.727344274520874
473,0,0.0,3.753615379333496
474,0,0.0,3.7562167644500732
475,0,0.0,3.761035680770874
476,0,0.0,3.7651970386505127
477,0,0.0,3.7909953594207764
478,0,0.0,3.807523488998413
479,0,0.0,3.821091890335083
480,0,0.0,3.839996337890625
481,0,0.0,3.8464343547821045
482,0,0.0,3.846590280532837
483,0,0.0,3.8493924140930176
484,0,0.0,3.903718948364258
485,0,0.0,4.003139019012451
486,0,0.0,4.025313377380371
487,0,0.0,4.026756286621094
488,0,0.0,4.027127742767334
489,0,0.0,4.027198791503906
490,0,0.0,4.027332305908203
491,0,0.0,4.030091762542725
492,0,0.0,4.0301899909973145
493,0,0.0,4.03337287902832
494,0,0.0,4.033697128295898
495,0,0.0,4.03387451171875
496,0,0.0,4.0340046882629395
497,0,0.0,4.034253120422363
498,0,0.0,4.034391403198242
499,0,0.0,4.035130023956299
500,0,0.0,4.03540563583374
501,0,0.0,4.0354905128479
502,0,0.0,4.037369251251221
503,0,0.0,4.037487983703613
504,0,0.0,4.03824520111084
505,0,0.0,4.038899898529053
506,0,0.0,4.055812358856201
507,0,0.0,4.061858177185059
508,0,0.0,4.0769429206848145
509,0,0.0,4.081377983093262
510,0,0.0,4.097160339355469
511,0,0.0,4.10230827331543
512,0,0.0,4.150361061096191
513,0,0.0,4.164751052856445
514,0,0.0,4.166547775268555
515,0,0.0,4.169464588165283
516,0,0.0,4.1743950843811035
517,0,0.0,4.181223392486572
518,0,0.0,4.1813836097717285
519,0,0.0,4.18359899520874
520,0,0.0,4.18454647064209
521,0,0.0,4.189812660217285
522,0,0.0,4.208596706390381
523,0,0.0,4.232805252075195
524,0,0.0,4.3106231689453125
525,0,0.0,4.318944454193115
526,0,0.0,4.361930847167969
527,0,0.0,4.413483142852783
528,0,0.0,4.468326091766357
529,0,0.0,4.471721172332764
530,0,0.0,4.473346710205078
531,0,0.0,4.506642818450928
532,0,0.0,4.522552967071533
533,0,0.0,4.536807537078857
534,0,0.0,4.560752868652344
535,0,0.0,4.562564373016357
536,0,0.0,4.572653770446777
537,0,0.0,4.579206943511963
538,0,0.0,4.5943217277526855
539,0,0.0,4.60069465637207
540,0,0.0,4.602786540985107
541,0,0.0,4.740665435791016
542,0,0.0,4.741338729858398
543,0,0.0,4.746939182281494
544,0,0.0,4.782953262329102
545,0,0.0,4.796752452850342
546,0,0.0,4.801849365234375
547,0,0.0,4.804995536804199
548,0,0.0,4.806577205657959
549,0,0.0,inf
550,1,7.191776275634766,7.201797008514404
551,1,7.184680938720703,7.192831516265869
552,1,7.182624340057373,7.200798511505127
553,1,7.179621696472168,7.200486660003662
554,1,7.179599285125732,7.195898056030273
555,1,7.157770156860352,7.163685321807861
556,1,7.155623435974121,7.209136486053467
557,1,7.15428352355957,7.209932327270508
558,1,7.154125690460205,7.1623854637146
559,1,7.153186321258545,7.206545829772949
560,1,7.1489577293396,7.1895012855529785
561,1,7.118335247039795,7.122714042663574
562,1,7.064012050628662,7.067773342132568
563,1,6.918488502502441,6.934226036071777
564,1,6.9172682762146,6.943266868591309
565,1,6.9129319190979,6.949185371398926
566,1,6.901712417602539,6.93126106262207
567,1,6.897480010986328,7.2051849365234375
568,1,6.887292861938477,6.933155536651611
569,1,6.886270999908447,6.923151016235352
570,1,6.876165390014648,6.922843933105469
571,1,6.872555732727051,6.980720520019531
572,1,6.871059417724609,6.914760112762451
573,1,6.866152763366699,6.914414405822754
574,1,6.861087322235107,6.90780782699585
575,1,6.860274314880371,6.929513454437256
576,1,6.85983419418335,6.910398960113525
577,1,6.859121799468994,6.970968246459961
578,1,6.857269287109375,6.903143405914307
579,1,6.854966163635254,7.102175712585449
580,1,6.847613334655762,6.927689075469971
581,1,6.846864700317383,6.879064083099365
582,1,6.840469837188721,6.941049575805664
583,1,6.835367679595947,6.945749282836914
584,1,6.804774284362793,6.866939544677734
585,1,6.749098777770996,6.782192707061768
586,1,6.736581802368164,7.027733325958252
587,1,6.728074550628662,6.938974857330322
588,1,6.687012195587158,6.693840026855469
589,1,6.681336879730225,6.819433212280273
590,1,6.681079864501953,6.692418575286865
591,1,6.648758411407471,6.652299404144287
592,1,6.643807888031006,6.665774822235107
593,1,6.590576648712158,6.5972137451171875
594,1,6.586862564086914,6.643154144287109
595,1,6.549138069152832,6.579176902770996
596,1,6.507585048675537,6.5083465576171875
597,1,6.3423171043396,6.464250087738037
598,1,6.236816883087158,6.2482805252075195
599,1,6.1573991775512695,6.219725608825684
600,1,6.116227626800537,6.120518684387207
601,1,6.098801136016846,6.245507717132568
602,1,6.089024066925049,6.101060390472412
603,1,6.011928558349609,6.015930652618408
604,1,5.958561897277832,6.0393853187561035
605,1,5.955116271972656,6.0426225662231445
606,1,5.952280521392822,6.116674900054932
607,1,5.941229820251465,6.099117755889893
608,1,5.936531066894531,6.10768461227417
609,1,5.922462463378906,5.950918197631836
610,1,5.906886100769043,5.967580795288086
611,1,5.904037952423096,5.949869155883789
612,1,5.891684532165527,6.886366367340088
613,1,5.89111852645874,6.074859619140625
614,1,5.880145072937012,6.998342514038086
615,1,5.771900177001953,5.792277812957764
616,1,5.766143321990967,5.7721405029296875
617,1,5.728177547454834,5.799150466918945
618,1,5.656035423278809,7.063867568969727
619,1,5.567190647125244,5.6289567947387695
620,1,5.480710029602051,5.48459529876709
621,1,5.474175930023193,5.635787487030029
622,1,5.464049816131592,5.638956069946289
623,1,5.463830471038818,5.625855445861816
624,1,5.463215351104736,5.4672698974609375
625,1,5.4376935958862305,5.600765228271484
626,1,5.434193134307861,5.534631252288818
627,1,5.427169322967529,5.528784275054932
628,1,5.422677993774414,5.496914386749268
629,1,5.4045939445495605,5.474906921386719
630,1,5.4038777351379395,5.475942611694336
631,1,5.402126789093018,5.4965434074401855
632,1,5.399015426635742,5.5477705001831055
633,1,5.389967918395996,5.5555806159973145
634,1,5.317844390869141,5.331599235534668
635,1,5.3124284744262695,5.328566074371338
636,1,5.309168815612793,5.3494133949279785
637,1,5.287308216094971,5.393597602844238
638,1,5.275925159454346,5.285053730010986
639,1,5.271658420562744,5.326598167419434
640,1,5.248589992523193,5.253851413726807
641,1,5.246033668518066,5.275938510894775
642,1,5.2380876541137695,5.291132926940918
643,1,5.2380876541137695,5.289539813995361
644,1,5.235983371734619,5.25605583190918
645,1,5.2204084396362305,5.237066745758057
646,1,5.193366527557373,5.241844654083252
647,1,5.1927995681762695,5.197551250457764
648,1,5.188835144042969,5.31888484954834
649,1,5.182518482208252,5.267653942108154
650,1,5.1789774894714355,5.33173942565918
651,1,5.166565418243408,5.169044017791748
652,1,5.160402774810791,5.323032855987549
653,1,5.153624534606934,5.377682209014893
654,1,5.153250217437744,5.182676792144775
655,1,5.145110607147217,5.31648588180542
656,1,5.133449077606201,5.302227020263672
657,1,5.109358310699463,5.2703447341918945
658,1,5.106462478637695,5.152562141418457
659,1,5.086113929748535,5.218811511993408
660,1,5.0707807540893555,5.229653835296631
661,1,5.0317912101745605,5.18501091003418
662,1,5.023984909057617,5.188714504241943
663,1,5.005764961242676,5.286306858062744
664,1,4.995904922485352,5.157876968383789
665,1,4.972908973693848,5.129573822021484
666,1,4.9666666984558105,5.141448497772217
667,1,4.932956695556641,5.109500408172607
668,1,4.913209438323975,5.1357927322387695
669,1,4.91294002532959,5.334456443786621
670,1,4.904346942901611,4.925060749053955
671,1,4.647826194763184,4.8538618087768555
672,1,4.620979309082031,4.805371284484863
673,1,4.609922885894775,4.847370147705078
674,1,4.550116539001465,4.585543155670166
675,1,4.549426555633545,4.577496528625488
676,1,4.5405731201171875,4.582616329193115
677,1,4.515993118286133,4.558823108673096
678,1,4.504280090332031,4.561203956604004
679,1,4.489529132843018,4.610137462615967
680,1,4.393507480621338,4.565018177032471
681,1,4.288413047790527,4.383831977844238
682,1,4.276978492736816,4.395157814025879
683,1,4.14391565322876,4.248279571533203
684,1,4.124222278594971,4.153200149536133
685,1,4.100595474243164,4.273340702056885
686,1,4.039667129516602,4.053712368011475
687,1,3.9915993213653564,3.9958300590515137
688,1,3.9188621044158936,3.9504947662353516
689,1,3.915628433227539,3.9222090244293213
690,1,3.8849263191223145,3.9176278114318848
691,1,3.799107313156128,3.8549442291259766
692,1,3.725855588912964,3.766000270843506
693,1,3.685126781463623,3.7540881633758545
694,1,3.648547410964966,3.90714693069458
695,1,3.646573066711426,3.664247989654541
696,1,3.6454520225524902,3.652379274368286
697,1,3.631352663040161,3.6504640579223633
698,1,3.6039671897888184,3.624804973602295
699,1,3.5709688663482666,3.6076059341430664
700,1,3.560713052749634,3.6232893466949463
701,1,3.517975091934204,3.5276036262512207
702,1,3.5005569458007812,3.5209364891052246
703,1,3.499861240386963,3.5099668502807617
704,1,3.49399995803833,3.528400421142578
705,1,3.4885060787200928,3.491759777069092
706,1,3.4840967655181885,3.4993841648101807
707,1,3.462197780609131,3.4736406803131104
708,1,3.460953950881958,3.4905192852020264
709,1,3.4573287963867188,3.4713046550750732
710,1,3.4485905170440674,3.566666603088379
711,1,3.4428932666778564,3.5251548290252686
712,1,3.4426913261413574,3.458512306213379
713,1,3.43583083152771,3.461667060852051
714,1,3.4346089363098145,3.441196918487549
715,1,3.4292805194854736,3.4435763359069824
716,1,3.425323009490967,3.9850735664367676
717,1,3.4250640869140625,3.5744967460632324
718,1,3.4220263957977295,3.511547565460205
719,1,3.416515588760376,3.4610602855682373
720,1,3.3975107669830322,3.56068754196167
721,1,3.387505531311035,3.508354902267456
722,1,3.383578062057495,3.409719228744507
723,1,3.3760478496551514,3.3764615058898926
724,1,3.3662703037261963,3.577989339828491
725,1,3.3538622856140137,3.3631410598754883
726,1,3.3522517681121826,3.360527276992798
727,1,3.3477730751037598,3.487436056137085
728,1,3.331636905670166,3.4340076446533203
729,1,3.327176570892334,3.5189523696899414
730,1,3.3205952644348145,3.321159839630127
731,1,3.317780017852783,3.480046033859253
732,1,3.3172085285186768,3.4811081886291504
733,1,3.31398606300354,3.4625203609466553
734,1,3.3086397647857666,3.3107411861419678
735,1,3.300827741622925,3.440523624420166
736,1,3.289362907409668,3.4269394874572754
737,1,3.288440227508545,3.546694755554199
738,1,3.283571481704712,3.6596951484680176
739,1,3.2463788986206055,3.311039447784424
740,1,3.225224256515503,3.34580659866333
741,1,3.2247347831726074,3.3474693298339844
742,1,3.1773030757904053,3.1773858070373535
743,1,3.173905849456787,3.1814613342285156
744,1,3.1723036766052246,3.410952568054199
745,1,3.170530319213867,3.330967426300049
746,1,3.160149574279785,3.1632328033447266
747,1,3.159851312637329,3.3789780139923096
748,1,3.1576504707336426,3.338345766067505
749,1,3.1576504707336426,3.356722354888916
750,1,3.157637357711792,3.1922597885131836
751,1,3.1482908725738525,3.395932197570801
752,1,3.146739959716797,3.3296146392822266
753,1,3.1467225551605225,3.3249011039733887
754,1,3.1406044960021973,3.4909873008728027
755,1,3.122906446456909,7.210800647735596
756,1,3.096501350402832,5.708648681640625
757,1,3.0391101837158203,3.128373384475708
758,1,3.016118049621582,3.0773520469665527
759,1,3.01001238822937,3.126774787902832
760,1,3.002514123916626,3.082184314727783
761,1,2.979166269302368,3.037254571914673
762,1,2.9733316898345947,2.975343942642212
763,1,2.9649970531463623,3.0815234184265137
764,1,2.9531478881835938,3.0574400424957275
765,1,2.943446159362793,3.0047457218170166
766,1,2.9162111282348633,3.1335909366607666
767,1,2.893160104751587,2.967402458190918
768,1,2.888519763946533,2.982337236404419
769,1,2.8869149684906006,2.9683682918548584
770,1,2.8742620944976807,2.9520111083984375
771,1,2.8666844367980957,2.987600803375244
772,1,2.8633713722229004,2.9433753490448
773,1,2.8565385341644287,2.9372262954711914
774,1,2.8488852977752686,2.9110350608825684
775,1,2.8349649906158447,2.8875553607940674
776,1,2.8101260662078857,2.992265462875366
777,1,2.808102607727051,2.817720651626587
778,1,2.8076956272125244,2.8632755279541016
779,1,2.7982518672943115,2.8053641319274902
780,1,2.7910807132720947,2.8553755283355713
781,1,2.7897331714630127,3.002798080444336
782,1,2.7691431045532227,2.8375256061553955
783,1,2.7437331676483154,2.942051887512207
784,1,2.736333131790161,2.786303758621216
785,1,2.7239902019500732,2.729203224182129
786,1,2.718466281890869,2.744180917739868
787,1,2.7071008682250977,2.8700294494628906
788,1,2.676178455352783,2.8073971271514893
789,1,2.6595089435577393,2.742703676223755
790,1,2.6571953296661377,2.6872193813323975
791,1,2.6555728912353516,2.7307279109954834
792,1,2.639988422393799,2.707758903503418
793,1,2.622060775756836,2.74773907661438
794,1,2.60122013092041,2.6615405082702637
795,1,2.567108392715454,2.626166343688965
796,1,2.5535552501678467,2.6312713623046875
797,1,2.5526301860809326,2.580902099609375
798,1,2.55255126953125,2.561394691467285
799,1,2.5476951599121094,2.569993257522583
800,1,2.544548511505127,2.676143169403076
801,1,2.5439987182617188,2.601240873336792
802,1,2.5423316955566406,2.5934393405914307
803,1,2.534581184387207,2.588561773300171
804,1,2.533764362335205,2.5906336307525635
805,1,2.5311059951782227,2.601177930831909
806,1,2.5051217079162598,2.6632025241851807
807,1,2.4761202335357666,2.653031349182129
808,1,2.456984519958496,2.5162179470062256
809,1,2.4567315578460693,2.497572898864746
810,1,2.4566164016723633,2.514373302459717
811,1,2.4543237686157227,2.48813796043396
812,1,2.4536526203155518,2.586860418319702
813,1,2.448906898498535,2.521399736404419
814,1,2.4409546852111816,2.589423179626465
815,1,2.424471855163574,2.66298770904541
816,1,2.4217047691345215,2.633000135421753
817,1,2.4178295135498047,2.632711410522461
818,1,2.4169609546661377,2.654392957687378
819,1,2.4075043201446533,2.45438289642334
820,1,2.3957266807556152,2.405388593673706
821,1,2.3613827228546143,2.362635374069214
822,1,2.359562873840332,2.3640615940093994
823,1,2.340005874633789,2.3461380004882812
824,1,2.3381214141845703,2.3470351696014404
825,1,2.3246665000915527,2.3274521827697754
826,1,2.3166987895965576,2.3322346210479736
827,1,2.3151135444641113,2.3729898929595947
828,1,2.2981648445129395,2.3040852546691895
829,1,2.2968966960906982,2.3757214546203613
830,1,2.2942521572113037,2.3728084564208984
831,1,2.293104410171509,2.37206768989563
832,1,2.2916510105133057,2.371793508529663
833,1,2.2916343212127686,2.3703200817108154
834,1,2.289031982421875,2.3702340126037598
835,1,2.286531686782837,2.3357362747192383
836,1,2.2794790267944336,2.2817087173461914
837,1,2.273833990097046,2.3040852546691895
838,1,2.2634315490722656,2.3103928565979004
839,1,2.2616002559661865,2.387040138244629
840,1,2.241288423538208,2.3728084564208984
841,1,2.2386207580566406,2.2850189208984375
842,1,2.230348825454712,2.2494540214538574
843,1,2.2233738899230957,2.3210391998291016
844,1,2.2118124961853027,2.253504514694214
845,1,2.2051873207092285,2.421440839767456
846,1,2.193115472793579,2.228076934814453
847,1,2.1849215030670166,2.2374427318573
848,1,2.178307056427002,2.282985210418701
849,1,2.1750426292419434,2.212862968444824
850,1,2.1715545654296875,2.2253236770629883
851,1,2.1628475189208984,2.2128183841705322
852,1,2.1540353298187256,2.2024834156036377
853,1,2.152587652206421,2.161402702331543
854,1,2.152531385421753,2.16392183303833
855,1,2.150235176086426,2.1613128185272217
856,1,2.1484854221343994,2.193009376525879
857,1,2.1472864151000977,2.1938252449035645
858,1,2.1419756412506104,2.1609692573547363
859,1,2.1406924724578857,2.1830649375915527
860,1,2.1383895874023438,2.193009376525879
861,1,2.1347618103027344,2.3069519996643066
862,1,2.129445791244507,2.166503429412842
863,1,2.12540340423584,2.1328444480895996
864,1,2.124466896057129,2.149406671524048
865,1,2.0893325805664062,2.1024043560028076
866,1,2.08390474319458,2.094771146774292
867,1,2.0811965465545654,2.2858526706695557
868,1,2.0687813758850098,2.0903127193450928
869,1,2.062199592590332,2.0785722732543945
870,1,2.050715684890747,2.0620880126953125
871,1,2.0503811836242676,2.2981786727905273
872,1,2.0337467193603516,2.0398149490356445
873,1,2.028404951095581,2.035341501235962
874,1,1.9983283281326294,2.0041582584381104
875,1,1.9740924835205078,1.9821950197219849
876,1,1.9709711074829102,1.974763035774231
877,1,1.9645264148712158,1.9679886102676392
878,1,1.9632118940353394,1.9679601192474365
879,1,1.9616385698318481,1.9706412553787231
880,1,1.9456546306610107,1.9846481084823608
881,1,1.9445371627807617,1.995650291442871
882,1,1.9436663389205933,1.9688555002212524
883,1,1.9434001445770264,1.9576866626739502
884,1,1.9420171976089478,1.9993706941604614
885,1,1.9383560419082642,2.164271354675293
886,1,1.9323855638504028,1.9484095573425293
887,1,1.9287444353103638,1.9298402070999146
888,1,1.9252667427062988,1.9268512725830078
889,1,1.9195572137832642,2.172358512878418
890,1,1.9127247333526611,2.005286931991577
891,1,1.9100669622421265,1.9346752166748047
892,1,1.9090712070465088,2.188697338104248
893,1,1.9085721969604492,1.9387634992599487
894,1,1.905300498008728,1.936361312866211
895,1,1.9027196168899536,2.27377986907959
896,1,1.8911170959472656,2.8879783153533936
897,1,1.8847312927246094,1.8894679546356201
898,1,1.8199000358581543,1.832993745803833
899,1,1.8108989000320435,1.8116365671157837
900,1,1.8091907501220703,1.858354926109314
901,1,1.807890772819519,1.910731554031372
902,1,1.8055284023284912,2.037503480911255
903,1,1.790442705154419,1.8955460786819458
904,1,1.7867512702941895,1.8249202966690063
905,1,1.7835217714309692,1.8812546730041504
906,1,1.7829396724700928,1.876812219619751
907,1,1.780329704284668,1.8770027160644531
908,1,1.7784883975982666,1.8719465732574463
909,1,1.7676159143447876,1.882185935974121
910,1,1.7597261667251587,1.857328176498413
911,1,1.7565138339996338,1.8161998987197876
912,1,1.7332359552383423,1.8292847871780396
913,1,1.7262235879898071,1.8069665431976318
914,1,1.7244750261306763,1.797062873840332
915,1,1.7189735174179077,2.1136441230773926
916,1,1.7101160287857056,1.8026658296585083
917,1,1.7098028659820557,1.9995229244232178
918,1,1.7096953392028809,1.9993706941604614
919,1,1.708869218826294,1.7855321168899536
920,1,1.7087424993515015,1.7345777750015259
921,1,1.708715558052063,1.7652512788772583
922,1,1.7082915306091309,1.7119228839874268
923,1,1.7039768695831299,1.7227309942245483
924,1,1.702958583831787,1.836431860923767
925,1,1.7028326988220215,1.784456729888916
926,1,1.7024255990982056,1.7060246467590332
927,1,1.701477289199829,1.787501573562622
928,1,1.700868010520935,1.7032181024551392
929,1,1.6912182569503784,1.9863395690917969
930,1,1.689745545387268,1.7857056856155396
931,1,1.650598406791687,1.9649745225906372
932,1,1.6230955123901367,1.909037470817566
933,1,1.591288447380066,1.7376697063446045
934,1,1.5638912916183472,2.0074450969696045
935,1,1.5630531311035156,1.9183688163757324
936,1,1.5630531311035156,1.895941972732544
937,1,1.562791109085083,1.9381816387176514
938,1,1.5514161586761475,1.5694355964660645
939,2,4.120150089263916,4.136958599090576
940,2,4.032814979553223,4.037355899810791
941,2,4.003796100616455,4.042359352111816
942,2,3.9741270542144775,3.9867308139801025
943,2,3.9260761737823486,3.935094118118286
944,2,3.924194812774658,3.964625358581543
945,2,3.912821054458618,3.9713571071624756
946,2,3.849618434906006,3.867877960205078
947,2,3.8257322311401367,3.9799911975860596
948,2,3.814945697784424,3.82446551322937
949,2,3.8014326095581055,3.8150339126586914
950,2,3.765458345413208,3.7687888145446777
951,2,3.7370729446411133,3.968196392059326
952,2,3.717538833618164,3.717616319656372
953,2,3.6974244117736816,3.745915174484253
954,2,3.682602882385254,3.724301815032959
955,2,3.6801769733428955,3.7011542320251465
956,2,3.673663377761841,3.74333119392395
957,2,3.673663377761841,3.798628091812134
958,2,3.6713318824768066,3.7015161514282227
959,2,3.6712393760681152,3.831468105316162
960,2,3.6709423065185547,3.765458345413208
961,2,3.6698131561279297,3.74118709564209
962,2,3.668651819229126,3.798628091812134
963,2,3.657527208328247,3.704993963241577
964,2,3.6156225204467773,3.6168339252471924
965,2,3.5823800563812256,3.6312971115112305
966,2,3.5771472454071045,3.7232954502105713
967,2,3.568147897720337,3.590912103652954
968,2,3.5678818225860596,3.568061351776123
969,2,3.4317803382873535,3.4371159076690674
970,2,3.4194109439849854,3.4904513359069824
971,2,3.4152510166168213,3.426013231277466
972,2,3.3510184288024902,3.3581948280334473
973,2,3.2038090229034424,3.221243143081665
974,2,3.1774940490722656,3.1949503421783447
975,2,3.1359758377075195,3.1949503421783447
976,2,3.134138822555542,3.1373634338378906
977,2,3.1311028003692627,3.133180618286133
978,2,3.1179513931274414,3.120541572570801
979,2,3.1059305667877197,3.1263279914855957
980,2,3.1039419174194336,3.110714912414551
981,2,3.103738307952881,3.110600471496582
982,2,3.100501537322998,3.106276273727417
983,2,3.0711171627044678,3.172976493835449
984,2,3.0694472789764404,3.1176207065582275
985,2,3.0694150924682617,3.162374973297119
986,2,3.0682477951049805,3.189849615097046
987,2,3.0674703121185303,3.1444108486175537
988,2,3.0633766651153564,3.1102442741394043
989,2,3.0558252334594727,3.241969585418701
990,2,3.0386087894439697,3.0548884868621826
991,2,3.0368971824645996,3.0368988513946533
992,2,3.0319101810455322,3.087918758392334
993,2,2.9860243797302246,3.1040124893188477
994,2,2.985383987426758,3.098928451538086
995,2,2.976433515548706,3.0855612754821777
996,2,2.9498274326324463,3.0528767108917236
997,2,2.942403793334961,2.961731195449829
998,2,2.9365451335906982,3.015856981277466
999,2,2.686500310897827,2.6898646354675293
1000,2,2.6824851036071777,2.6958301067352295
1001,2,2.676143169403076,2.702894687652588
1002,2,2.603273868560791,2.640488862991333
1003,2,2.526315450668335,2.542130708694458
1004,2,2.5139129161834717,2.5466744899749756
1005,2,2.5103814601898193,2.541914939880371
1006,2,2.506635904312134,2.5291240215301514
1007,2,2.4466094970703125,2.4622936248779297
1008,2,2.440943479537964,2.4520115852355957
1009,2,2.4239566326141357,2.4340832233428955
1010,2,2.415571451187134,2.4437406063079834
1011,2,2.4142441749572754,2.4163382053375244
1012,2,2.4142441749572754,2.4170773029327393
1013,2,2.4136009216308594,2.44063401222229
1014,2,2.4127864837646484,2.4467251300811768
1015,2,2.411452054977417,2.4468421936035156
1016,2,2.409853458404541,2.435039520263672
1017,2,2.408864974975586,2.455923557281494
1018,2,2.4015297889709473,2.7177700996398926
1019,2,2.3787083625793457,2.441650867462158
1020,2,2.3757214546203613,2.462043046951294
1021,2,2.361969470977783,2.3964600563049316
1022,2,2.3599421977996826,2.370591163635254
1023,2,2.3572354316711426,2.3610711097717285
1024,2,2.3525454998016357,2.372959613800049
1025,2,2.351412773132324,2.360811710357666
1026,2,2.350961208343506,2.3610711097717285
1027,2,2.350008964538574,2.356645107269287
1028,2,2.3429527282714844,2.3964812755584717
1029,2,2.340219497680664,2.342261552810669
1030,2,2.3377346992492676,2.3510825634002686
1031,2,2.335564374923706,2.3934500217437744
1032,2,2.3275392055511475,2.3954644203186035
1033,2,2.3223934173583984,2.326907157897949
1034,2,2.320997953414917,2.3550798892974854
1035,2,2.31862473487854,2.320772886276245
1036,2,2.318542003631592,2.324463367462158
1037,2,2.3180108070373535,2.321272611618042
1038,2,2.3169450759887695,2.3756682872772217
1039,2,2.316694974899292,2.35762357711792
1040,2,2.3147642612457275,2.346956491470337
1041,2,2.3068904876708984,2.3143084049224854
1042,2,2.292978286743164,2.36794376373291
1043,2,2.2850189208984375,2.2871253490448
1044,2,2.283637762069702,2.2881126403808594
1045,2,2.283406972885132,2.320539951324463
1046,2,2.2777864933013916,2.3147642612457275
1047,2,2.277723789215088,2.2975010871887207
1048,2,2.2762653827667236,2.2803893089294434
1049,2,2.2759759426116943,2.2835919857025146
1050,2,2.27377986907959,2.2814457416534424
1051,2,2.267266273498535,2.2761409282684326
1052,2,2.2632827758789062,2.329716205596924
1053,2,2.261307954788208,2.2652878761291504
1054,2,2.2573082447052,2.2652878761291504
1055,2,2.253504514694214,2.27479887008667
1056,2,2.223635196685791,2.27549147605896
1057,2,2.212862968444824,2.270897150039673
1058,2,2.1683876514434814,2.2354049682617188
1059,2,2.153102397918701,2.21649169921875
