"","Max_life_dim0","Max_life_dim1","Max_life_dim2"
"1",3731.59455013275,319.014513015747,138.925173282623
"2",3731.59455013275,319.014513015747,138.925173282623
"3",3731.59455013275,319.014513015747,138.925173282623
"4",3731.59455013275,319.014513015747,138.925173282623
"5",3731.59455013275,319.014513015747,138.925173282623
"6",3731.59455013275,319.014513015747,138.925173282623
"7",3731.59455013275,319.014513015747,138.925173282623
"8",3731.59455013275,319.014513015747,138.925173282623
"9",3731.59455013275,319.014513015747,138.925173282623
"10",3731.59455013275,319.014513015747,138.925173282623
"11",3731.59455013275,319.014513015747,138.925173282623
"12",3731.59455013275,319.014513015747,138.925173282623
"13",3731.59455013275,319.014513015747,138.925173282623
"14",3731.59455013275,319.014513015747,138.925173282623
"15",3731.59455013275,319.014513015747,138.925173282623
"16",3731.59455013275,319.014513015747,138.925173282623
"17",3731.59455013275,319.014513015747,138.925173282623
"18",3731.59455013275,319.014513015747,138.925173282623
"19",3731.59455013275,319.014513015747,138.925173282623
"20",3731.59455013275,319.014513015747,138.925173282623
"21",3731.59455013275,319.014513015747,138.925173282623
"22",3731.59455013275,319.014513015747,138.925173282623
"23",3731.59455013275,319.014513015747,138.925173282623
"24",3731.59455013275,319.014513015747,138.925173282623
"25",3731.59455013275,319.014513015747,138.925173282623
"26",3731.59455013275,319.014513015747,138.925173282623
"27",3731.59455013275,319.014513015747,138.925173282623
"28",3731.59455013275,319.014513015747,138.925173282623
"29",3731.59455013275,319.014513015747,138.925173282623
"30",3731.59455013275,319.014513015747,138.925173282623
"31",3731.59455013275,319.014513015747,138.925173282623
"32",3731.59455013275,319.014513015747,138.925173282623
"33",3731.59455013275,319.014513015747,138.925173282623
"34",3731.59455013275,319.014513015747,138.925173282623
"35",3731.59455013275,319.014513015747,138.925173282623
"36",3731.59455013275,319.014513015747,138.925173282623
"37",3731.59455013275,319.014513015747,138.925173282623
"38",3731.59455013275,319.014513015747,138.925173282623
"39",3731.59455013275,319.014513015747,138.925173282623
"40",3731.59455013275,319.014513015747,138.925173282623
"41",3731.59455013275,319.014513015747,138.925173282623
"42",3731.59455013275,319.014513015747,138.925173282623
"43",3731.59455013275,319.014513015747,138.925173282623
"44",3731.59455013275,319.014513015747,138.925173282623
"45",3731.59455013275,319.014513015747,138.925173282623
"46",3731.59455013275,319.014513015747,138.925173282623
"47",3731.59455013275,319.014513015747,138.925173282623
"48",3731.59455013275,319.014513015747,138.925173282623
"49",3731.59455013275,319.014513015747,138.925173282623
"50",3731.59455013275,319.014513015747,138.925173282623
"51",3731.59455013275,319.014513015747,138.925173282623
"52",3731.59455013275,319.014513015747,138.925173282623
"53",3731.59455013275,319.014513015747,138.925173282623
"54",3731.59455013275,319.014513015747,138.925173282623
"55",3731.59455013275,319.014513015747,138.925173282623
"56",3731.59455013275,319.014513015747,138.925173282623
"57",3731.59455013275,319.014513015747,138.925173282623
"58",3731.59455013275,319.014513015747,138.925173282623
"59",3731.59455013275,319.014513015747,138.925173282623
"60",3731.59455013275,319.014513015747,138.925173282623
"61",3731.59455013275,319.014513015747,138.925173282623
"62",3731.59455013275,319.014513015747,138.925173282623
"63",3731.59455013275,319.014513015747,138.925173282623
"64",3731.59455013275,319.014513015747,138.925173282623
"65",3731.59455013275,319.014513015747,138.925173282623
"66",3731.59455013275,319.014513015747,138.925173282623
"67",3731.59455013275,319.014513015747,138.925173282623
"68",3731.59455013275,319.014513015747,138.925173282623
"69",3731.59455013275,319.014513015747,138.925173282623
"70",3731.59455013275,319.014513015747,138.925173282623
"71",3731.59455013275,319.014513015747,138.925173282623
"72",3731.59455013275,319.014513015747,138.925173282623
"73",3731.59455013275,319.014513015747,138.925173282623
"74",3731.59455013275,319.014513015747,138.925173282623
"75",3731.59455013275,319.014513015747,138.925173282623
"76",3731.59455013275,319.014513015747,138.925173282623
"77",3731.59455013275,319.014513015747,138.925173282623
"78",3731.59455013275,319.014513015747,138.925173282623
"79",3731.59455013275,319.014513015747,138.925173282623
"80",3731.59455013275,319.014513015747,138.925173282623
"81",3731.59455013275,319.014513015747,138.925173282623
"82",3731.59455013275,319.014513015747,138.925173282623
"83",3731.59455013275,319.014513015747,138.925173282623
"84",3731.59455013275,319.014513015747,138.925173282623
"85",3731.59455013275,319.014513015747,138.925173282623
"86",3731.59455013275,319.014513015747,138.925173282623
"87",3731.59455013275,319.014513015747,138.925173282623
"88",3731.59455013275,319.014513015747,138.925173282623
"89",3731.59455013275,319.014513015747,138.925173282623
"90",3731.59455013275,319.014513015747,138.925173282623
"91",3731.59455013275,319.014513015747,138.925173282623
"92",3731.59455013275,319.014513015747,138.925173282623
"93",3731.59455013275,319.014513015747,138.925173282623
"94",3731.59455013275,319.014513015747,138.925173282623
"95",3731.59455013275,319.014513015747,138.925173282623
"96",3731.59455013275,319.014513015747,138.925173282623
"97",3731.59455013275,319.014513015747,138.925173282623
"98",3731.59455013275,319.014513015747,138.925173282623
"99",3731.59455013275,319.014513015747,138.925173282623
"100",3731.59455013275,319.014513015747,138.925173282623
"101",3731.59455013275,319.014513015747,138.925173282623
"102",3731.59455013275,319.014513015747,138.925173282623
"103",3731.59455013275,319.014513015747,138.925173282623
"104",3731.59455013275,319.014513015747,138.925173282623
"105",3731.59455013275,319.014513015747,138.925173282623
"106",3731.59455013275,319.014513015747,138.925173282623
"107",3731.59455013275,319.014513015747,138.925173282623
"108",3731.59455013275,319.014513015747,138.925173282623
"109",3731.59455013275,319.014513015747,138.925173282623
"110",3731.59455013275,319.014513015747,138.925173282623
"111",3731.59455013275,319.014513015747,138.925173282623
"112",3731.59455013275,319.014513015747,138.925173282623
"113",3731.59455013275,319.014513015747,138.925173282623
"114",3731.59455013275,319.014513015747,138.925173282623
"115",3731.59455013275,319.014513015747,138.925173282623
"116",3731.59455013275,319.014513015747,138.925173282623
"117",3731.59455013275,319.014513015747,138.925173282623
"118",3731.59455013275,319.014513015747,138.925173282623
"119",3731.59455013275,319.014513015747,138.925173282623
"120",3731.59455013275,319.014513015747,138.925173282623
"121",3731.59455013275,319.014513015747,138.925173282623
"122",3731.59455013275,319.014513015747,138.925173282623
"123",3731.59455013275,319.014513015747,138.925173282623
"124",3731.59455013275,319.014513015747,138.925173282623
"125",3731.59455013275,319.014513015747,138.925173282623
"126",3731.59455013275,319.014513015747,138.925173282623
"127",3731.59455013275,319.014513015747,138.925173282623
"128",3731.59455013275,319.014513015747,138.925173282623
"129",3731.59455013275,319.014513015747,138.925173282623
"130",3731.59455013275,319.014513015747,138.925173282623
"131",3731.59455013275,319.014513015747,138.925173282623
"132",3731.59455013275,319.014513015747,138.925173282623
"133",3731.59455013275,319.014513015747,138.925173282623
"134",3731.59455013275,319.014513015747,138.925173282623
"135",3731.59455013275,319.014513015747,138.925173282623
"136",3731.59455013275,319.014513015747,138.925173282623
"137",3731.59455013275,319.014513015747,138.925173282623
"138",3731.59455013275,319.014513015747,138.925173282623
"139",3731.59455013275,319.014513015747,138.925173282623
"140",3731.59455013275,319.014513015747,138.925173282623
"141",3731.59455013275,319.014513015747,138.925173282623
"142",3731.59455013275,319.014513015747,138.925173282623
"143",3731.59455013275,319.014513015747,138.925173282623
"144",3731.59455013275,319.014513015747,138.925173282623
"145",3731.59455013275,319.014513015747,138.925173282623
"146",3731.59455013275,319.014513015747,138.925173282623
"147",3731.59455013275,319.014513015747,138.925173282623
"148",3731.59455013275,319.014513015747,138.925173282623
"149",3731.59455013275,319.014513015747,138.925173282623
"150",3731.59455013275,319.014513015747,138.925173282623
"151",3731.59455013275,319.014513015747,138.925173282623
"152",3731.59455013275,319.014513015747,138.925173282623
"153",3731.59455013275,319.014513015747,138.925173282623
"154",3731.59455013275,319.014513015747,138.925173282623
"155",3731.59455013275,319.014513015747,138.925173282623
"156",3731.59455013275,319.014513015747,138.925173282623
"157",3731.59455013275,319.014513015747,138.925173282623
"158",3731.59455013275,319.014513015747,138.925173282623
"159",3731.59455013275,319.014513015747,138.925173282623
"160",3731.59455013275,319.014513015747,138.925173282623
"161",3731.59455013275,319.014513015747,138.925173282623
"162",3731.59455013275,319.014513015747,138.925173282623
"163",3731.59455013275,319.014513015747,138.925173282623
"164",3731.59455013275,319.014513015747,138.925173282623
"165",3731.59455013275,319.014513015747,138.925173282623
"166",3731.59455013275,319.014513015747,138.925173282623
"167",3731.59455013275,319.014513015747,138.925173282623
"168",3731.59455013275,319.014513015747,138.925173282623
"169",3731.59455013275,319.014513015747,138.925173282623
"170",3731.59455013275,319.014513015747,138.925173282623
"171",3731.59455013275,319.014513015747,138.925173282623
"172",3731.59455013275,319.014513015747,138.925173282623
"173",3731.59455013275,319.014513015747,138.925173282623
"174",3731.59455013275,319.014513015747,138.925173282623
"175",3731.59455013275,319.014513015747,138.925173282623
"176",3731.59455013275,319.014513015747,138.925173282623
"177",3731.59455013275,319.014513015747,138.925173282623
"178",3731.59455013275,319.014513015747,138.925173282623
"179",3731.59455013275,319.014513015747,138.925173282623
"180",3731.59455013275,319.014513015747,138.925173282623
"181",3731.59455013275,319.014513015747,138.925173282623
"182",3731.59455013275,319.014513015747,138.925173282623
"183",3731.59455013275,319.014513015747,138.925173282623
"184",3731.59455013275,319.014513015747,138.925173282623
"185",3731.59455013275,319.014513015747,138.925173282623
"186",3731.59455013275,319.014513015747,138.925173282623
"187",3731.59455013275,319.014513015747,138.925173282623
"188",3731.59455013275,319.014513015747,138.925173282623
"189",3731.59455013275,319.014513015747,138.925173282623
"190",3731.59455013275,319.014513015747,138.925173282623
"191",3731.59455013275,319.014513015747,138.925173282623
"192",3731.59455013275,319.014513015747,138.925173282623
"193",3731.59455013275,319.014513015747,138.925173282623
"194",3731.59455013275,319.014513015747,138.925173282623
"195",3731.59455013275,319.014513015747,138.925173282623
"196",3731.59455013275,319.014513015747,138.925173282623
"197",3731.59455013275,319.014513015747,138.925173282623
"198",3731.59455013275,319.014513015747,138.925173282623
"199",3731.59455013275,319.014513015747,138.925173282623
"200",3731.59455013275,319.014513015747,138.925173282623
"201",3731.59455013275,319.014513015747,138.925173282623
"202",3731.59455013275,319.014513015747,138.925173282623
"203",3731.59455013275,319.014513015747,138.925173282623
"204",3731.59455013275,319.014513015747,138.925173282623
"205",3731.59455013275,319.014513015747,138.925173282623
"206",3731.59455013275,319.014513015747,138.925173282623
"207",3731.59455013275,319.014513015747,138.925173282623
"208",3731.59455013275,319.014513015747,138.925173282623
"209",3731.59455013275,319.014513015747,138.925173282623
"210",3731.59455013275,319.014513015747,138.925173282623
"211",3731.59455013275,319.014513015747,138.925173282623
"212",3731.59455013275,319.014513015747,138.925173282623
"213",3731.59455013275,319.014513015747,138.925173282623
"214",3731.59455013275,319.014513015747,138.925173282623
"215",3731.59455013275,319.014513015747,138.925173282623
"216",3731.59455013275,319.014513015747,138.925173282623
"217",3731.59455013275,319.014513015747,138.925173282623
"218",3731.59455013275,319.014513015747,138.925173282623
"219",3731.59455013275,319.014513015747,138.925173282623
"220",3731.59455013275,319.014513015747,138.925173282623
"221",3731.59455013275,319.014513015747,138.925173282623
"222",3731.59455013275,319.014513015747,138.925173282623
"223",3731.59455013275,319.014513015747,138.925173282623
"224",3731.59455013275,319.014513015747,138.925173282623
"225",3731.59455013275,319.014513015747,138.925173282623
"226",3731.59455013275,319.014513015747,138.925173282623
"227",3731.59455013275,319.014513015747,138.925173282623
"228",3731.59455013275,319.014513015747,138.925173282623
"229",3731.59455013275,319.014513015747,138.925173282623
"230",3731.59455013275,319.014513015747,138.925173282623
"231",3731.59455013275,319.014513015747,138.925173282623
"232",3731.59455013275,319.014513015747,138.925173282623
"233",3731.59455013275,319.014513015747,138.925173282623
"234",3731.59455013275,319.014513015747,138.925173282623
"235",3731.59455013275,319.014513015747,138.925173282623
"236",3731.59455013275,319.014513015747,138.925173282623
"237",3731.59455013275,319.014513015747,138.925173282623
"238",3731.59455013275,319.014513015747,138.925173282623
"239",3731.59455013275,319.014513015747,138.925173282623
"240",3731.59455013275,319.014513015747,138.925173282623
"241",3731.59455013275,319.014513015747,138.925173282623
"242",3731.59455013275,319.014513015747,138.925173282623
"243",3731.59455013275,319.014513015747,138.925173282623
"244",3731.59455013275,319.014513015747,138.925173282623
"245",3731.59455013275,319.014513015747,138.925173282623
"246",3731.59455013275,319.014513015747,138.925173282623
"247",3731.59455013275,319.014513015747,138.925173282623
"248",3731.59455013275,319.014513015747,138.925173282623
"249",3731.59455013275,319.014513015747,138.925173282623
"250",3731.59455013275,319.014513015747,138.925173282623
"251",3731.59455013275,319.014513015747,138.925173282623
"252",3731.59455013275,319.014513015747,138.925173282623
"253",3731.59455013275,319.014513015747,138.925173282623
"254",3731.59455013275,319.014513015747,138.925173282623
"255",3731.59455013275,319.014513015747,138.925173282623
"256",3731.59455013275,319.014513015747,138.925173282623
"257",3731.59455013275,319.014513015747,138.925173282623
"258",3731.59455013275,319.014513015747,138.925173282623
"259",3731.59455013275,319.014513015747,138.925173282623
"260",3731.59455013275,319.014513015747,138.925173282623
"261",3731.59455013275,319.014513015747,138.925173282623
"262",3731.59455013275,319.014513015747,138.925173282623
"263",3731.59455013275,319.014513015747,138.925173282623
"264",3731.59455013275,319.014513015747,138.925173282623
"265",3731.59455013275,319.014513015747,138.925173282623
"266",3731.59455013275,319.014513015747,138.925173282623
"267",3731.59455013275,319.014513015747,138.925173282623
"268",3731.59455013275,319.014513015747,138.925173282623
"269",3731.59455013275,319.014513015747,138.925173282623
"270",3731.59455013275,319.014513015747,138.925173282623
"271",3731.59455013275,319.014513015747,138.925173282623
"272",3731.59455013275,319.014513015747,138.925173282623
"273",3731.59455013275,319.014513015747,138.925173282623
"274",3731.59455013275,319.014513015747,138.925173282623
"275",3731.59455013275,319.014513015747,138.925173282623
"276",3731.59455013275,319.014513015747,138.925173282623
"277",3731.59455013275,319.014513015747,138.925173282623
"278",3731.59455013275,319.014513015747,138.925173282623
"279",3731.59455013275,319.014513015747,138.925173282623
"280",3731.59455013275,319.014513015747,138.925173282623
"281",3731.59455013275,319.014513015747,138.925173282623
"282",3731.59455013275,319.014513015747,138.925173282623
"283",3731.59455013275,319.014513015747,138.925173282623
"284",3731.59455013275,319.014513015747,138.925173282623
"285",3731.59455013275,319.014513015747,138.925173282623
"286",3731.59455013275,319.014513015747,138.925173282623
"287",3731.59455013275,319.014513015747,138.925173282623
"288",3731.59455013275,319.014513015747,138.925173282623
"289",3731.59455013275,319.014513015747,138.925173282623
"290",3731.59455013275,319.014513015747,138.925173282623
"291",3731.59455013275,319.014513015747,138.925173282623
"292",3731.59455013275,319.014513015747,138.925173282623
"293",3731.59455013275,319.014513015747,138.925173282623
"294",3731.59455013275,319.014513015747,138.925173282623
"295",3731.59455013275,319.014513015747,138.925173282623
"296",3731.59455013275,319.014513015747,138.925173282623
"297",3731.59455013275,319.014513015747,138.925173282623
"298",3731.59455013275,319.014513015747,138.925173282623
"299",3731.59455013275,319.014513015747,138.925173282623
"300",3731.59455013275,319.014513015747,138.925173282623
"301",3731.59455013275,319.014513015747,138.925173282623
"302",3731.59455013275,319.014513015747,138.925173282623
"303",3731.59455013275,319.014513015747,138.925173282623
"304",3731.59455013275,319.014513015747,138.925173282623
"305",3731.59455013275,319.014513015747,138.925173282623
"306",3731.59455013275,319.014513015747,138.925173282623
"307",3731.59455013275,319.014513015747,138.925173282623
"308",3731.59455013275,319.014513015747,138.925173282623
"309",3731.59455013275,319.014513015747,138.925173282623
"310",3731.59455013275,319.014513015747,138.925173282623
"311",3731.59455013275,319.014513015747,138.925173282623
"312",3731.59455013275,319.014513015747,138.925173282623
"313",3731.59455013275,319.014513015747,138.925173282623
"314",3731.59455013275,319.014513015747,138.925173282623
"315",3731.59455013275,319.014513015747,138.925173282623
"316",3731.59455013275,319.014513015747,138.925173282623
"317",3731.59455013275,319.014513015747,138.925173282623
"318",3731.59455013275,319.014513015747,138.925173282623
"319",3731.59455013275,319.014513015747,138.925173282623
"320",3731.59455013275,319.014513015747,138.925173282623
"321",3731.59455013275,319.014513015747,138.925173282623
"322",3731.59455013275,319.014513015747,138.925173282623
"323",3731.59455013275,319.014513015747,138.925173282623
"324",3731.59455013275,319.014513015747,138.925173282623
"325",3731.59455013275,319.014513015747,138.925173282623
"326",3731.59455013275,319.014513015747,138.925173282623
"327",3731.59455013275,319.014513015747,138.925173282623
"328",3731.59455013275,319.014513015747,138.925173282623
"329",3731.59455013275,319.014513015747,138.925173282623
"330",3731.59455013275,319.014513015747,138.925173282623
"331",3731.59455013275,319.014513015747,138.925173282623
"332",3731.59455013275,319.014513015747,138.925173282623
"333",3731.59455013275,319.014513015747,138.925173282623
"334",3731.59455013275,319.014513015747,138.925173282623
"335",3731.59455013275,319.014513015747,138.925173282623
"336",3731.59455013275,319.014513015747,138.925173282623
"337",3731.59455013275,319.014513015747,138.925173282623
"338",3731.59455013275,319.014513015747,138.925173282623
"339",3731.59455013275,319.014513015747,138.925173282623
"340",3731.59455013275,319.014513015747,138.925173282623
"341",3731.59455013275,319.014513015747,138.925173282623
"342",3731.59455013275,319.014513015747,138.925173282623
"343",3731.59455013275,319.014513015747,138.925173282623
"344",3731.59455013275,319.014513015747,138.925173282623
"345",3731.59455013275,319.014513015747,138.925173282623
"346",3731.59455013275,319.014513015747,138.925173282623
"347",3731.59455013275,319.014513015747,138.925173282623
"348",3731.59455013275,319.014513015747,138.925173282623
"349",3731.59455013275,319.014513015747,138.925173282623
"350",3731.59455013275,319.014513015747,138.925173282623
"351",3731.59455013275,319.014513015747,138.925173282623
"352",3731.59455013275,319.014513015747,138.925173282623
"353",3731.59455013275,319.014513015747,138.925173282623
"354",3731.59455013275,319.014513015747,138.925173282623
"355",3731.59455013275,319.014513015747,138.925173282623
"356",3731.59455013275,319.014513015747,138.925173282623
"357",3731.59455013275,319.014513015747,138.925173282623
"358",3731.59455013275,319.014513015747,138.925173282623
"359",3731.59455013275,319.014513015747,138.925173282623
"360",3731.59455013275,319.014513015747,138.925173282623
"361",3731.59455013275,319.014513015747,138.925173282623
"362",3731.59455013275,319.014513015747,138.925173282623
"363",3731.59455013275,319.014513015747,138.925173282623
"364",3731.59455013275,319.014513015747,138.925173282623
"365",3731.59455013275,319.014513015747,138.925173282623
"366",3731.59455013275,319.014513015747,138.925173282623
"367",3731.59455013275,319.014513015747,138.925173282623
"368",3731.59455013275,319.014513015747,138.925173282623
"369",3731.59455013275,319.014513015747,138.925173282623
"370",3731.59455013275,319.014513015747,138.925173282623
"371",3731.59455013275,319.014513015747,138.925173282623
"372",3731.59455013275,319.014513015747,138.925173282623
"373",3731.59455013275,319.014513015747,138.925173282623
"374",3731.59455013275,319.014513015747,138.925173282623
"375",3731.59455013275,319.014513015747,138.925173282623
"376",3731.59455013275,319.014513015747,138.925173282623
"377",3731.59455013275,319.014513015747,138.925173282623
"378",3731.59455013275,319.014513015747,138.925173282623
"379",3731.59455013275,319.014513015747,138.925173282623
"380",3731.59455013275,319.014513015747,138.925173282623
"381",3731.59455013275,319.014513015747,138.925173282623
"382",3731.59455013275,319.014513015747,138.925173282623
"383",3731.59455013275,319.014513015747,138.925173282623
"384",3731.59455013275,319.014513015747,138.925173282623
"385",3731.59455013275,319.014513015747,138.925173282623
"386",3731.59455013275,319.014513015747,138.925173282623
"387",3731.59455013275,319.014513015747,138.925173282623
"388",3731.59455013275,319.014513015747,138.925173282623
"389",3731.59455013275,319.014513015747,138.925173282623
"390",3731.59455013275,319.014513015747,138.925173282623
"391",3731.59455013275,319.014513015747,138.925173282623
"392",3731.59455013275,319.014513015747,138.925173282623
"393",3731.59455013275,319.014513015747,138.925173282623
"394",3731.59455013275,319.014513015747,138.925173282623
"395",3731.59455013275,319.014513015747,138.925173282623
"396",3731.59455013275,319.014513015747,138.925173282623
"397",3731.59455013275,319.014513015747,138.925173282623
"398",3731.59455013275,319.014513015747,138.925173282623
"399",3731.59455013275,319.014513015747,138.925173282623
"400",3731.59455013275,319.014513015747,138.925173282623
"401",3731.59455013275,319.014513015747,138.925173282623
"402",3731.59455013275,319.014513015747,138.925173282623
"403",3731.59455013275,319.014513015747,138.925173282623
"404",3731.59455013275,319.014513015747,138.925173282623
"405",3731.59455013275,319.014513015747,138.925173282623
"406",3731.59455013275,319.014513015747,138.925173282623
"407",3731.59455013275,319.014513015747,138.925173282623
"408",3731.59455013275,319.014513015747,138.925173282623
"409",3731.59455013275,319.014513015747,138.925173282623
"410",3731.59455013275,319.014513015747,138.925173282623
"411",3731.59455013275,319.014513015747,138.925173282623
"412",3731.59455013275,319.014513015747,138.925173282623
"413",3731.59455013275,319.014513015747,138.925173282623
"414",3731.59455013275,319.014513015747,138.925173282623
"415",3731.59455013275,319.014513015747,138.925173282623
"416",3731.59455013275,319.014513015747,138.925173282623
"417",3731.59455013275,319.014513015747,138.925173282623
"418",3731.59455013275,319.014513015747,138.925173282623
"419",3731.59455013275,319.014513015747,138.925173282623
"420",3731.59455013275,319.014513015747,138.925173282623
"421",3731.59455013275,319.014513015747,138.925173282623
"422",3731.59455013275,319.014513015747,138.925173282623
"423",3731.59455013275,319.014513015747,138.925173282623
"424",3731.59455013275,319.014513015747,138.925173282623
"425",3731.59455013275,319.014513015747,138.925173282623
"426",3731.59455013275,319.014513015747,138.925173282623
"427",3731.59455013275,319.014513015747,138.925173282623
"428",3731.59455013275,319.014513015747,138.925173282623
"429",3731.59455013275,319.014513015747,138.925173282623
"430",3731.59455013275,319.014513015747,138.925173282623
"431",3731.59455013275,319.014513015747,138.925173282623
"432",3731.59455013275,319.014513015747,138.925173282623
"433",3731.59455013275,319.014513015747,138.925173282623
"434",3731.59455013275,319.014513015747,138.925173282623
"435",3731.59455013275,319.014513015747,138.925173282623
"436",3731.59455013275,319.014513015747,138.925173282623
"437",3731.59455013275,319.014513015747,138.925173282623
"438",3731.59455013275,319.014513015747,138.925173282623
"439",3731.59455013275,319.014513015747,138.925173282623
"440",3731.59455013275,319.014513015747,138.925173282623
"441",3731.59455013275,319.014513015747,138.925173282623
"442",3731.59455013275,319.014513015747,138.925173282623
"443",3731.59455013275,319.014513015747,138.925173282623
"444",3731.59455013275,319.014513015747,138.925173282623
"445",3731.59455013275,319.014513015747,138.925173282623
"446",3731.59455013275,319.014513015747,138.925173282623
"447",3731.59455013275,319.014513015747,138.925173282623
"448",3731.59455013275,319.014513015747,138.925173282623
"449",3731.59455013275,319.014513015747,138.925173282623
"450",3731.59455013275,319.014513015747,138.925173282623
"451",3731.59455013275,319.014513015747,138.925173282623
"452",3731.59455013275,319.014513015747,138.925173282623
"453",3731.59455013275,319.014513015747,138.925173282623
"454",3731.59455013275,319.014513015747,138.925173282623
"455",3731.59455013275,319.014513015747,138.925173282623
"456",3731.59455013275,319.014513015747,138.925173282623
"457",3731.59455013275,319.014513015747,138.925173282623
"458",3731.59455013275,319.014513015747,138.925173282623
"459",3731.59455013275,319.014513015747,138.925173282623
"460",3731.59455013275,319.014513015747,138.925173282623
"461",3731.59455013275,319.014513015747,138.925173282623
"462",3731.59455013275,319.014513015747,138.925173282623
"463",3731.59455013275,319.014513015747,138.925173282623
"464",3731.59455013275,319.014513015747,138.925173282623
"465",3731.59455013275,319.014513015747,138.925173282623
"466",3731.59455013275,319.014513015747,138.925173282623
"467",3731.59455013275,319.014513015747,138.925173282623
"468",3731.59455013275,319.014513015747,138.925173282623
"469",3731.59455013275,319.014513015747,138.925173282623
"470",3731.59455013275,319.014513015747,138.925173282623
"471",3731.59455013275,319.014513015747,138.925173282623
"472",3731.59455013275,319.014513015747,138.925173282623
"473",3731.59455013275,319.014513015747,138.925173282623
"474",3731.59455013275,319.014513015747,138.925173282623
"475",3731.59455013275,319.014513015747,138.925173282623
"476",3731.59455013275,319.014513015747,138.925173282623
"477",3731.59455013275,319.014513015747,138.925173282623
"478",3731.59455013275,319.014513015747,138.925173282623
"479",3731.59455013275,319.014513015747,138.925173282623
"480",3731.59455013275,319.014513015747,138.925173282623
"481",3731.59455013275,319.014513015747,138.925173282623
"482",3731.59455013275,319.014513015747,138.925173282623
"483",3731.59455013275,319.014513015747,138.925173282623
"484",3731.59455013275,319.014513015747,138.925173282623
"485",3731.59455013275,319.014513015747,138.925173282623
"486",3731.59455013275,319.014513015747,138.925173282623
"487",3731.59455013275,319.014513015747,138.925173282623
"488",3731.59455013275,319.014513015747,138.925173282623
"489",3731.59455013275,319.014513015747,138.925173282623
"490",3731.59455013275,319.014513015747,138.925173282623
"491",3731.59455013275,319.014513015747,138.925173282623
"492",3731.59455013275,319.014513015747,138.925173282623
"493",3731.59455013275,319.014513015747,138.925173282623
"494",3731.59455013275,319.014513015747,138.925173282623
"495",3731.59455013275,319.014513015747,138.925173282623
"496",3731.59455013275,319.014513015747,138.925173282623
"497",3731.59455013275,319.014513015747,138.925173282623
"498",3731.59455013275,319.014513015747,138.925173282623
"499",3731.59455013275,319.014513015747,138.925173282623
"500",3731.59455013275,319.014513015747,138.925173282623
"501",3731.59455013275,319.014513015747,138.925173282623
"502",3731.59455013275,319.014513015747,138.925173282623
"503",3731.59455013275,319.014513015747,138.925173282623
"504",3731.59455013275,319.014513015747,138.925173282623
"505",3731.59455013275,319.014513015747,138.925173282623
"506",3731.59455013275,319.014513015747,138.925173282623
"507",3731.59455013275,319.014513015747,138.925173282623
"508",3731.59455013275,319.014513015747,138.925173282623
"509",3731.59455013275,319.014513015747,138.925173282623
"510",3731.59455013275,319.014513015747,138.925173282623
"511",3731.59455013275,319.014513015747,138.925173282623
"512",3731.59455013275,319.014513015747,138.925173282623
"513",3731.59455013275,319.014513015747,138.925173282623
"514",3731.59455013275,319.014513015747,138.925173282623
"515",3731.59455013275,319.014513015747,138.925173282623
"516",3731.59455013275,319.014513015747,138.925173282623
"517",3731.59455013275,319.014513015747,138.925173282623
"518",3731.59455013275,319.014513015747,138.925173282623
"519",3731.59455013275,319.014513015747,138.925173282623
"520",3731.59455013275,319.014513015747,138.925173282623
"521",3731.59455013275,319.014513015747,138.925173282623
"522",3731.59455013275,319.014513015747,138.925173282623
"523",3731.59455013275,319.014513015747,138.925173282623
"524",3731.59455013275,319.014513015747,138.925173282623
"525",3731.59455013275,319.014513015747,138.925173282623
"526",3731.59455013275,319.014513015747,138.925173282623
"527",3731.59455013275,319.014513015747,138.925173282623
"528",3731.59455013275,319.014513015747,138.925173282623
"529",3731.59455013275,319.014513015747,138.925173282623
"530",3731.59455013275,319.014513015747,138.925173282623
"531",3731.59455013275,319.014513015747,138.925173282623
"532",3731.59455013275,319.014513015747,138.925173282623
"533",3731.59455013275,319.014513015747,138.925173282623
"534",3731.59455013275,319.014513015747,138.925173282623
"535",3731.59455013275,319.014513015747,138.925173282623
"536",3731.59455013275,319.014513015747,138.925173282623
"537",3731.59455013275,319.014513015747,138.925173282623
"538",3731.59455013275,319.014513015747,138.925173282623
"539",3731.59455013275,319.014513015747,138.925173282623
"540",3731.59455013275,319.014513015747,138.925173282623
"541",3731.59455013275,319.014513015747,138.925173282623
"542",3731.59455013275,319.014513015747,138.925173282623
"543",3731.59455013275,319.014513015747,138.925173282623
"544",3731.59455013275,319.014513015747,138.925173282623
"545",3731.59455013275,319.014513015747,138.925173282623
"546",3731.59455013275,319.014513015747,138.925173282623
"547",3731.59455013275,319.014513015747,138.925173282623
"548",3731.59455013275,319.014513015747,138.925173282623
"549",3731.59455013275,319.014513015747,138.925173282623
"550",3731.59455013275,319.014513015747,138.925173282623
"551",3731.59455013275,319.014513015747,138.925173282623
"552",3731.59455013275,319.014513015747,138.925173282623
"553",3731.59455013275,319.014513015747,138.925173282623
"554",3731.59455013275,319.014513015747,138.925173282623
"555",3731.59455013275,319.014513015747,138.925173282623
"556",3731.59455013275,319.014513015747,138.925173282623
"557",3731.59455013275,319.014513015747,138.925173282623
"558",3731.59455013275,319.014513015747,138.925173282623
"559",3731.59455013275,319.014513015747,138.925173282623
"560",3731.59455013275,319.014513015747,138.925173282623
"561",3731.59455013275,319.014513015747,138.925173282623
"562",3731.59455013275,319.014513015747,138.925173282623
"563",3731.59455013275,319.014513015747,138.925173282623
"564",3731.59455013275,319.014513015747,138.925173282623
"565",3731.59455013275,319.014513015747,138.925173282623
"566",3731.59455013275,319.014513015747,138.925173282623
"567",3731.59455013275,319.014513015747,138.925173282623
"568",3731.59455013275,319.014513015747,138.925173282623
"569",3731.59455013275,319.014513015747,138.925173282623
"570",3731.59455013275,319.014513015747,138.925173282623
"571",3731.59455013275,319.014513015747,138.925173282623
"572",3731.59455013275,319.014513015747,138.925173282623
"573",3731.59455013275,319.014513015747,138.925173282623
"574",3731.59455013275,319.014513015747,138.925173282623
"575",3731.59455013275,319.014513015747,138.925173282623
"576",3731.59455013275,319.014513015747,138.925173282623
"577",3731.59455013275,319.014513015747,138.925173282623
"578",3731.59455013275,319.014513015747,138.925173282623
"579",3731.59455013275,319.014513015747,138.925173282623
"580",3731.59455013275,319.014513015747,138.925173282623
"581",3731.59455013275,319.014513015747,138.925173282623
"582",3731.59455013275,319.014513015747,138.925173282623
"583",3731.59455013275,319.014513015747,138.925173282623
"584",3731.59455013275,319.014513015747,138.925173282623
"585",3731.59455013275,319.014513015747,138.925173282623
"586",3731.59455013275,319.014513015747,138.925173282623
"587",3731.59455013275,319.014513015747,138.925173282623
"588",3731.59455013275,319.014513015747,138.925173282623
"589",3731.59455013275,319.014513015747,138.925173282623
"590",3731.59455013275,319.014513015747,138.925173282623
"591",3731.59455013275,319.014513015747,138.925173282623
"592",3731.59455013275,319.014513015747,138.925173282623
"593",3731.59455013275,319.014513015747,138.925173282623
"594",3731.59455013275,319.014513015747,138.925173282623
"595",3731.59455013275,319.014513015747,138.925173282623
"596",3731.59455013275,319.014513015747,138.925173282623
"597",3731.59455013275,319.014513015747,138.925173282623
"598",3731.59455013275,319.014513015747,138.925173282623
"599",3731.59455013275,319.014513015747,138.925173282623
"600",3731.59455013275,319.014513015747,138.925173282623
