"","sd_life_dim1","sd_life_dim2"
"1",0.0644535598316311,0.0101517220520588
"2",0.0478121701327023,0.00626453038219474
"3",0.204689378562331,0.0107289541291535
"4",0.0463002012233803,0.0108535134330728
"5",0.0571904630299514,0.00967341622412211
"6",0.0363722444795878,0.00280246229331548
"7",0.0859570915813877,0.0211883543360175
"8",0.129873374458048,0.0359057886570774
"9",0.0728516660271721,0.00519178934915144
"10",0.0664321062453137,0.00530785141878071
"11",0.0662131956687475,0.0152002731824852
"12",0.0891978884224504,0.00613668903318691
"13",0.102816653624055,0.00735512234916831
"14",0.144339756301642,0.0107337109361228
"15",0.041007995397206,0.0160975327265405
"16",0.140691567512797,0.0313574422100611
"17",0.0428602168801789,0.0109241843530924
"18",0.0434082048850427,0.00860034486983182
"19",0.0315467168997216,0.0194210358418394
"20",0.0997715277042136,0.0101350123724034
"21",0.0289967179279613,0.00882985777425574
"22",0.0435706063705689,0.0082818110024936
"23",0.0871724070110345,0.00681685493841075
"24",0.0424931717988909,0.011375120939316
"25",0.109818102986948,0.0194179475581817
"26",0.0490498772842104,0.00671356169066537
"27",0.0655261098607832,0.0158367831710175
"28",0.0724356102424218,0.0122073240166079
"29",0.0933954747613229,0.0260629891422749
"30",0.0693831006393559,0.0151162068536509
"31",0.0473264094821179,0.00771088092624181
"32",0.340080063610976,0.170932594650992
"33",0.0467067744781402,0.0163408988101118
"34",0.0825567846413336,0.0169573487195435
"35",0.127754998162819,0.0174395684043895
"36",0.110427030805704,0.0139743744317024
"37",0.0562226578141806,0.0191365544974116
"38",0.0799551496146527,0.0200847352953763
"39",0.300563412981926,0.0306764348122797
"40",0.111677300122064,0.0348636313368954
"41",0.0390205388099661,0.00989215614532935
"42",0.0258129181530826,0.00706752278582885
"43",0.0581616745048353,0.0143159585854414
"44",0.0591225104489964,0.00932318625295857
"45",0.0366841221205369,0.00308623399273378
"46",0.0529166942028606,0.00690580004316372
"47",0.0679238898625288,0.024549878890609
"48",0.108416031908506,0.0130467474894671
"49",0.112716144066212,0.0168461727861438
"50",0.024533861330786,0.0137693351734946
"51",0.185261167594186,0.0397160378321723
"52",0.0598523623395842,0.00286732664266236
"53",0.0797532135687099,0.0174144825955525
"54",0.0791649903833924,0.0363976668004283
"55",0.128134076949732,0.0389365499136004
"56",0.0275881921629498,0.0024849305170714
"57",0.22673224005548,0.0297629176925176
"58",0.0427987581100098,0.0114166519667157
"59",0.130692155831617,0.02738221257811
"60",0.0192576159116268,0.00372269906620026
"61",0.104653085883346,0.0295149344932308
"62",0.0477573325391871,0.0124834064095261
"63",0.0498005987363108,0.0130474256931041
"64",0.100498560247571,0.0275026219774429
"65",0.0333284074374084,0.00801875091235002
"66",0.0473953003841343,0.00291278977401214
"67",0.0390757972665067,0.00485697596603097
"68",0.0936928009848437,0.00869003245708811
"69",0.0595836739365579,0.0125872655073522
"70",0.106182284401307,0.0328331552438528
"71",0.0943574385391432,0.010842831322188
"72",0.0535660644474952,0.0255299932226745
"73",0.056425968679062,0.0152221489526484
"74",0.0957742364473404,0.0288348268502747
"75",0.554547101516863,0.0129177666429048
"76",0.0786595339554191,0.00632227907647972
"77",0.0606685202645834,0
"78",0.0510100126825129,0.0167252477446676
"79",0.0540411466109308,0.0110975362201727
"80",0.0809207284308159,0.0254172152583011
"81",0.0789177288393475,0.0286584159147053
"82",0.0669470514749701,0.0165336070963583
"83",0.135764228352016,0.02581505195997
"84",0.121915421706511,0.0258744748482875
"85",0.102487273977338,0.0112557415883893
"86",0.0395995177268334,0.0112391622730443
"87",0.0329802636377561,0.0120509009305322
"88",0.0560627907875875,0.0158649871877101
"89",0.103520891576099,0.0344420142327195
"90",0.085395405866387,0.00609900928029253
"91",0.0301038804035961,0.0300582661222152
"92",0.135325933019753,0.0301181392123618
"93",0.152167288315422,0.022771418458471
"94",0.108581676621914,0.0181661070148105
"95",0.159135631847378,0.0471449994827017
"96",0.0458673090686874,0.00892741491887495
"97",0.0899580831024367,0.00424672024691191
"98",0.31953059468427,0.00418929168158256
"99",0.0554072938054743,0.0103110486159636
"100",0.0628987171946783,0.0126702231947713
"101",0.0569100809841849,0.0146905062468914
"102",0.0317304705399397,0.00767387956184757
"103",0.259174932521166,0.0596759730700835
"104",0.0731360885346172,0.0227281716545151
"105",0.202317509665204,0.0117448454621189
"106",0.0322724910408655,0.00933848024744064
"107",0.0557938257118817,0.00925294519559391
"108",0.112473695209491,0.0303263448058066
"109",0.0731735593401742,0.0186701603565216
"110",0.0309187310626006,0.00678037940934962
"111",0.298225057184775,0.039221557233421
"112",0.0918849862491743,0.0143969283216518
"113",0.139254511788526,0.0166784629550932
"114",0.322667009394,0.0175990044795193
"115",0.180871531154777,0.0310872449916976
"116",0.120548427680733,0.0337977611870988
"117",0.0814604308625488,0.023300498835155
"118",0.108318074087365,0.0224112208940719
"119",0.0364719806751594,0.0106933532440307
"120",0.122197731018523,0.0299496004611287
"121",0.0332449333285931,0.0133436867931
"122",0.105462491541844,0.0196647014750382
"123",0.103824025812597,0.0296429456743567
"124",0.035049941890303,0.0124710107117427
"125",0.0702843970484635,0.0120463779639884
"126",0.0480236865707569,0.0107502306300414
"127",0.435110023867313,0.0263958976021582
"128",0.432387008502516,0.00733329077772651
"129",0.0470791730067348,0.0124471481248638
"130",0.0646680351701827,0.0295678317384998
"131",0.0750359810956247,0.00888997071031864
"132",0.086046614978168,0.00836189432579895
"133",0.161882057123108,0.0233318696993634
"134",0.0989663017434448,0.015937077401007
"135",0.178821646111878,0.00210901545751579
"136",0.0943698740566721,0.0274333894080034
"137",0.0938493771383416,0.0140270883370561
"138",0.0770336532877618,0.00921081258973373
"139",0.0839874967976557,0.0398474644865808
"140",0.0545177711339942,0.00604294052957043
"141",0.0822801173573461,0.0173983753101981
"142",0.0322253638555611,0.0139533849959948
"143",0.153360886008348,0.042352546433869
"144",0.0527010253032174,0.011853523331802
"145",0.0468877921049113,0.0115309272457491
"146",0.0925217435867158,0.0176548225604722
"147",0.0583180199076988,0.0130506340607468
"148",0.0402623002730488,0.0169415503495396
"149",0.0658694989085311,0.00716068369485882
"150",0.0637713942930128,0.0176474472763701
"151",0.0614825632724821,0.0268163259828322
"152",0.0680794723346146,0.00755393857141714
"153",0.0403821213528089,0.00931364571774396
"154",0.0411135042000967,0.0122109620490018
"155",0.12073851320804,0.0210077746099332
"156",0.162121615485571,0.0245057023665516
"157",0.0638246005643315,200
"158",0.06028328975173,0.00303933388245754
"159",0.0478767911886662,0.0155581774286747
"160",0.0647834634960833,0.00978395299495105
"161",0.0529703793918998,0.0125896491951418
"162",0.0501962230905421,0.0189600962301798
"163",0.0553950837079907,0.0178100210216877
"164",0.0471688182710876,0.0173337556598987
"165",0.0603788299753854,0.0157418126924776
"166",0.106286864985796,0.0142283965746892
"167",0.037187908457303,0.0070488642303537
"168",0.158066745923031,0.0417011044421584
"169",0.0668060217256412,0.010527087796588
"170",0.152202122560235,0.00956515813733168
"171",0.040702426121779,0.00988107498965721
"172",0.165132038597107,0.0196929676833629
"173",0.0751271185080431,0.0156648456214257
"174",0.105491350191904,0.0261297435613983
"175",0.0827939988218974,0.00265207200656299
"176",0.06141142933709,0.018824902950424
"177",0.0409081263089863,0.00986143463405044
"178",0.0968633356704454,0.0138953929789289
"179",0.334942110298032,0.0176332218868927
"180",0.0691743574429431,0.0404530801570503
"181",0.031194220142304,0.0142982787145258
"182",0.0434907297358769,0.0131862457667514
"183",0.0310318754233355,0.00898984515601903
"184",0.0700778505064848,0.0162957911238018
"185",0.229462915876732,0.0287400831819075
"186",0.0966022133693717,0.0139036100300363
"187",0.0757774557700782,0.00211200452371926
"188",0.169413117786912,0
"189",0.127820037105167,0.0118011993876175
"190",0.0497275743147774,0.0175511711691229
"191",0.0515445405996393,0.00799045172807646
"192",0.0364774480867299,0.00833659528036088
"193",0.082083829397643,0.00591279453919999
"194",0.0537729068155693,0.010521395349438
"195",0.087174740810046,0.0234750166811583
"196",0.080585289298817,0.0411736076965206
"197",0.152544609328792,0.0376270953332102
"198",0.183188299003507,0.0229298276985675
"199",0.331649194858596,0.0136428207014915
"200",0.0913376959988952,0.00691784698167688
"201",0.0561528753860287,0.0106505588798616
"202",0.0347507787371746,0.00725188260092089
"203",0.114431223199296,0.0100131161983994
"204",0.230569130219654,0.0325307845556708
"205",0.106315145949202,0.0322632751574509
"206",0.0605717912495596,0.011341326070493
"207",0.0403423079393796,0.0113556044555628
"208",0.0472408952742914,0.0032512673939704
"209",0.0838256999163689,0.024639774636095
"210",0.117649783096032,0.0138424066147567
"211",0.125031204606118,0.0200651342368987
"212",0.0398654990076695,0.0209352838990079
"213",0.0822652440805657,0.0171206480881118
"214",0.014727897589078,0.00344935610372772
"215",0.15677787258004,0.0222730845651557
"216",0.126737589084165,0.018536142469722
"217",0.20608964501561,0.0462798693982899
"218",0.0485264972492618,0.021754776714666
"219",0.10987837027811,0.0190443196551266
"220",0.0444212270176139,0.00727898069290036
"221",0.0625720963511402,0.0389325318864874
"222",0.0928649280943818,0.0119023682557451
"223",0.0399063392819582,0.00692575154001569
"224",0.0308838600935292,0.0117309123324408
"225",0.0804038462208639,0.0156925802580485
"226",0.190324680329538,0.0214574784112274
"227",0.076750619260312,0.0204944497536616
"228",0.0252649221380382,0.00863961883759262
"229",0.0643802040033302,0.0142283205930702
"230",0.0773617463518992,0.0190247068210211
"231",0.101991308864964,0.034185504585122
"232",0.0264528291327694,0.00841394601948562
"233",0.118588482907436,0.019947163280717
"234",0.07045862310222,0.0180120421103432
"235",0.0673123815752119,0.00781183160511672
"236",0.0340137689259802,0.0105466550828309
"237",0.0772204013222882,0.0260800506814655
"238",0.0564649313444016,0.0191266765803377
"239",0.0439845421783343,0.00980255904977948
"240",0.0612824170085475,0.0179189993813358
"241",0.0362583816786078,0.00932908169631358
"242",0.0258980073558725,0.00505092476267276
"243",0.102543884330703,0.0205646448722868
"244",0.072466930332334,0.0097310972383842
"245",0.136371162768745,0.0276951991021532
"246",0.0600102026379917,0.00993707952420372
"247",0.0313458213856102,0.00881865206200064
"248",0.116427107897954,0.0291582790204793
"249",0.0338099266832254,0.00803970316422425
"250",0.0901480981810375,0.00872680001212018
"251",0.0749468050567994,0.0273006271843764
"252",0.184085066384081,0.0240391442772985
"253",0.0779965054422377,0.0121917664540659
"254",0.0428766551101145,0.012261431792035
"255",0.0455713484436064,0.0192958648265443
"256",0.0310163799963684,0.00978523551062663
"257",0.0324823562797399,0.00561845958912152
"258",0.06254059904551,0.0154032428887575
"259",0.0492276268485448,0.0123962254883936
"260",0.0153872744547334,0.0054080068499965
"261",0.0549698974946816,0.0200258801523528
"262",0.0373994926817451,0.00773578395373242
"263",0.0614878668154035,0.0121944734274613
"264",0.0766293542973949,0.0156703598567404
"265",0.1137561186488,0.0137510991589988
"266",0.0402014620545641,0.00378522699019429
"267",0.0761204756722104,0.0127606970471651
"268",0.0362917379428302,0.00877450555757308
"269",0.0384670124905345,0.00571037227979035
"270",0.270700119801988,0.0544512852084507
"271",0.0544292827662473,0.00277204833240102
"272",0.109827739575972,0.0337977746874218
"273",0.0209082927208585,0.00304473275955955
"274",0.0900539066411771,0.0251021350475521
"275",0.113242450245003,0.011180059601591
"276",0.0505747468430031,0.0106111608408267
"277",0.0822110701249173,0.0118584099589954
"278",0.274155228168447,0.0127087282530751
"279",0.0680371588530153,0.0125921970353524
"280",0.290355782360116,0.0529758760313137
"281",0.0753703051060804,0.0253967480137283
"282",0.0276434687903018,0.00656393428152891
"283",0.0667997304911214,0.011947828720968
"284",0.0523501368068026,0.00721374162862806
"285",0.0803053651934838,0.00226067655024423
"286",0.0329340480034814,0.0118330252002554
"287",0.160982653079204,0.0108932041351012
"288",0.0758743398001241,0.0232991392126878
"289",0.0662629567049227,0.0235564477798261
"290",0.110074683269136,0.0172658054432705
"291",0.0874933403429146,0.0264067813111922
"292",0.0326139851630646,0.00807820223906372
"293",0.0517455375337045,0.0130691212218391
"294",0.0724857040335176,0.0238252453382755
"295",0.0722714603269335,0.0145267494122344
"296",0.0195689433539825,0.0118589219693715
"297",0.0717235058276522,0.00917501221326445
"298",0.129328325462067,0.0328873971207157
"299",0.0984361913684673,0.0297154469770815
"300",0.0714229750949627,0.0182380102188466
"301",0.0283276145699351,0.00830996411038364
"302",0.1398812235449,0.038074510109041
"303",0.500308999362533,0.0107973497961469
"304",0.119277493409227,0.0171394361729652
"305",0.305527115363029,0.025616462215648
"306",0.102088615100993,0.008004676726321
"307",0.132374217522727,0.0271285214106194
"308",0.0231125583894397,0.000763658347253449
"309",0.0321520775356773,0.0118473418156027
"310",0.0721342133300397,0.0112254741237611
"311",0.0695960665041205,0.0178133580514225
"312",0.0386408568046979,0.00653687415815061
"313",0.0729820184568016,0.0260737206052653
"314",0.0349389688497188,0.00702950160753672
"315",0.0459645651385841,0.00654879865633072
"316",0.0898159308202734,0.0189385467416023
"317",0.0314043447406147,0.0128913783877625
"318",0.0447662402280857,0.0242249291694358
"319",0.0563043251331928,0.0124180177188526
"320",0.0255485689181077,0.00625677518258083
"321",0.0377819858823968,0.0109850917730067
"322",0.0390165139004574,0.0101413676622485
"323",0.192718514987727,0.0295069751488206
"324",0.30125501919301,0.0316722740788858
"325",0.137028279426252,0.0150764124646994
"326",0.0947623458918806,0.0405145353426362
"327",0.0618206593145809,0.0257116793200717
"328",0.0517210131895378,0.012580055843645
"329",0.133267636785735,0.0277399319765181
"330",0.0629222948113452,0.0149790672698122
"331",0.0550857270313119,0.00967276874539445
"332",0.0809567738985871,0.018271979554394
"333",0.032931586587643,0.00371311186178433
"334",0.159688722844158,0.0142361155780884
"335",0.0372688214280251,0.00656903837108454
"336",0.0544144297917019,0.0132572381961478
"337",0.0529455842962299,0.0268823526340322
"338",0.172693577278534,0.0258892553892583
"339",0.0895038183356242,0.00887826800317099
"340",0.102896287537871,0.022775013883945
"341",0.232277786368281,0.0118525584135954
"342",0.0308278387198734,0.00990180436192975
"343",0.136559719085812,0.00116763629114581
"344",0.0248886616166838,0.00571943742795765
"345",0.197272930735772,0.00431975085664612
"346",0.0755734017263587,0.0285332420330183
"347",0.118059402996717,0.0111249648734818
"348",0.0520121250318008,0.0117784936017776
"349",0.0641240303251958,0.0123507385548719
"350",0.202345620920645,0.0234944602399224
"351",0.0378902048930579,0.0141060854644831
"352",0.0658962048742453,0.00587449039350358
"353",0.3493295689653,0.0113151802001636
"354",0.034314244913307,0.00874961189644868
"355",0.133936740246718,0.0315404876509192
"356",0.121091429659383,0.0109126038158647
"357",0.0323097694499892,0.0156152465855788
"358",0.0454845170535493,0.0165588811678015
"359",0.0662204668920211,0.0163625848173617
"360",0.367727029484792,0.0173691194141361
"361",0.0140313892062386,0.00628800290773479
"362",0.1266813802545,0.0177888736542553
"363",0.159036331593517,0.0321651894462559
"364",0.311460093258474,0.0281602750623364
"365",0.0127599520723932,0.00431096179625615
"366",0.225295861594748,0.0120079289620087
"367",0.079219334161708,0.0136950521049719
"368",0.0520705825356508,0.00941113657736905
"369",0.0414365086711043,0.0141332583008207
"370",0.0464612115597355,0.0277171344873847
"371",0.0744230991663573,0.0119118059823291
"372",0.0747660652541446,0.00952258999857509
"373",0.135899411222021,0.0285915981350055
"374",0.252476273027107,0.0154979832273031
"375",0.0439685595092675,0.015469594714047
"376",0.053807542041637,0.0104909926387
"377",0.07055203732565,0.0111846779464002
"378",0.251752836046104,0.0118826861487076
"379",0.0256193877578197,0.00813007230803927
"380",0.0296650371911582,0.00801927368885134
"381",0.0590218327393977,0.0168496217774141
"382",0.0751823609857194,0.0201421938592838
"383",0.363600500470749,0.0256890719392193
"384",0.0671180382352233,0.0171021887652368
"385",0.0712835933608678,0.0288011248093563
"386",0.0387417801035106,0.00654699579529783
"387",0.178992110891469,0.00735155742877174
"388",0.145902090607714,0.00088154348345386
"389",0.09752420872738,0.0298027763778304
"390",1.03697215627157,0.0188511776165826
"391",0.0813731762208001,0.0279939929886842
"392",0.0250254135267329,0.0104626455331939
"393",0.0398329807328187,0.00543354712300535
"394",0.261102863841626,0.0423441481811469
"395",0.0447929091630467,0.0118607844862369
"396",0.131190687629529,0.00760395489741625
"397",0.0646502056972628,0.00766719096182164
"398",0.0727367089778555,0.0179403815257202
"399",0.0489456876434645,0.00193330755133109
"400",0.0471537438003562,0.0193098592379632
"401",0.0530620412417718,0.00899019291063042
"402",0.0553856256031462,0.0138927234745268
"403",0.0240769448299905,0.00986054034397476
"404",0.198497637179447,0.0357296912313425
"405",0.0795197031458314,0.0169144640437323
"406",0.0852208173194247,0.0159150713004544
"407",0.162865141801764,0.0289785809084251
"408",0.183668354933671,0.0138076821707803
"409",0.0700821661251121,0.0138468832327073
"410",0.0527251457543807,0.00576141296082643
"411",0.113228869401547,0.0101498010212535
"412",0.058684259886703,0.0135528980022642
"413",0.0499349160240497,0.00879904498245375
"414",0.660251722299987,0.0160522180239286
"415",0.0282719786959804,0.00532687017740345
"416",0.123335433835267,0.0387062328398835
"417",0.0343081638836893,0.00913086241608015
"418",0.0728201590814965,0.0132858749789761
"419",0.0412293606571308,0.00398730782832229
"420",0.0615564129462803,0.0116563634774932
"421",0.0717549098446524,0.012124278796939
"422",0.0451421689955301,0.00409876714051363
"423",0.318913768911832,0.0491158075193822
"424",0.0372411663904602,0.00908633648434266
"425",0.0638278024614627,0.0228483285444952
"426",0.115304815593683,0.0427424151508615
"427",0.121851476445629,0.0364404505888821
"428",0.138772717958334,0.0136838860986307
"429",0.0623085682109634,0.0672671968947893
"430",0.0482289405035575,0.0111103033947238
"431",0.115733393182846,0.010831197453008
"432",0.102569594760092,0.0240360417732864
"433",0.0577241412722857,0.00193786614405456
"434",0.0936974151671855,0.0373022085124099
"435",0.0277273934393972,0.00447826886969746
"436",0.124267446529563,0.0421067280659346
"437",0.021176004441046,0.00486167301950955
"438",0.0186718970132268,0.0054912326899834
"439",0.10021473707045,0.0324150096796923
"440",0.066250465552036,0.0331750693862994
"441",0.0410012279753276,0.00852217538155666
"442",0.053978131535284,0.0121747006618901
"443",0.346649816509538,0.0179071923342852
"444",0.0453438555803808,0.0115451571349641
"445",0.0918672625103149,0.00389795990060086
"446",0.124089631891766,0.0170518481240606
"447",0.105921742251543,0
"448",0.0584930146705049,0.0192198257390812
"449",0.0522954017715379,0.0112092131110256
"450",0.11449552742196,0.0267596217286575
"451",0.0354559401101473,0.0161921049323618
"452",0.113012417628981,0.0136051925643694
"453",0.122787306583813,0.0371764901640173
"454",0.118758935798936,0.0109704464440583
"455",0.0762836998168756,0.0253229045606501
"456",0.126973711149911,0.0250779238033659
"457",0.104607872476411,0.0329415262006524
"458",0.041663034593449,0.00615877648132169
"459",0.086748651624957,0.0089265459685325
"460",0.0644492201846429,0.0270270462453122
"461",0.0607468915533298,0.0100279479859143
"462",0.0884502981864343,0.017286458130846
"463",0.139942248112794,0.0238394869492129
"464",0.277168867326065,0.01311319179922
"465",0.0583027861238181,0.0125365157370838
"466",0.02803138256593,0.00822362970660487
"467",0.107820256453647,0.0250699664358075
"468",0.124495498473912,0.0257352180433735
"469",0.0594698201662493,0.0156132743075666
"470",0.0759998771854194,0.0231377877362217
"471",0.0409806464046974,0.00904113355268027
"472",0.0553044377663372,0.00627784783805856
"473",0.0934296676734235,0.0251587125763434
"474",0.0504907532911174,0.0251548554558125
"475",0.0701832848206853,0.0265625614841857
"476",0.104660034293441,0.0109072620799641
"477",0.0225776098132881,0.00703383443798669
"478",0.0820317456316389,0.0142344731198199
"479",0.0859003108946255,0.0479454215771613
"480",0.101998886125272,0.0286916637614264
"481",0.0305386299472818,0.00351624708768338
"482",0.08912432182098,0.0277604998701694
"483",0.0279136995457898,0.00620416368573028
"484",0.0583150911494113,0.0213312813132738
"485",0.0528855395451025,0.00982348846625092
"486",0.0539898958951002,0.0146411106074771
"487",0.145202749820109,0.0281900360963598
"488",0.0517123590965507,0.00391199697431544
"489",0.0760398544015767,0.0201619441867113
"490",0.104002842829143,0.0216360114554356
"491",0.0707222694766341,0.032654894397032
"492",0.0684189353201901,0.0100372515524491
"493",0.0411774720976939,0.00919053054035276
"494",0.050426750328477,0.0119094317634758
"495",0.566161351826319,0.0150074120197392
"496",0.0670201770828754,0.0190343948016938
"497",0.082863998277253,0.0310545592631738
"498",0.0971470375615444,0.0384999728039907
"499",0.0660385767453404,0.0244935930504897
"500",0.132972986693116,0.0413579911825286
"501",0.0352447136359032,0.00883170910540739
"502",0.0302215790848283,0.00836720693534589
"503",0.071375610941933,0.027924280603696
"504",0.0746758528868894,0.0134945357749618
"505",0.617537409901815,0.0156785355164164
"506",0.0555554275099712,0.0228513293878282
"507",0.0950156903763021,0.00983489159410094
"508",0.0503110393938057,0.0143395598227786
"509",0.107329281892901,0.0212502123686899
"510",0.0251111009486155,0.0178734916588299
"511",0.0389580009427624,0.0111042514223416
"512",0.103115892536437,0.020964961023479
"513",0.0304134452736042,0.0105406480957216
"514",0.384728879316566,0.0175604820458674
"515",0.118429431395538,0.00861108038646178
"516",0.0475973739672382,0.0109890563968629
"517",0.0532990426698295,0.0121856419881283
"518",0.0900678127147745,0.0106146745075741
"519",0.0610630048396418,0.0236829121967223
"520",0.0394151971593341,0.0150839324490289
"521",0.0343728604144164,0.013673543105282
"522",0.051697049651076,0.0255037124539898
"523",0.0500608303245472,0.0159939900114307
"524",0.0781448515084216,0.0149718724035348
"525",0.0527563627995249,0.011164861679796
"526",0.0864802780767236,0.0176555318353181
"527",0.0306598930093844,0.00863569278586726
"528",0.078122765658145,0.0107747244033141
"529",0.068103243676416,0.0166202773370282
"530",0.0682937181294243,0.0147973027544919
"531",0.0533850755249037,0.0107118809316883
"532",0.0760265967509975,0.0128347718013211
"533",0.0741541264018784,0.015101067612832
"534",0.0933739990060128,0.027584591376344
"535",0.0676516089998275,0.0285669272979539
"536",0.0577815923317625,0.0136785386534202
"537",0.0329509118564633,0.0105975583222739
"538",0.0519792874519966,0.0224376505745517
"539",0.033276589510813,0.00861839751487387
"540",0.307436068868111,0.0474479237885524
"541",0.051347757486987,0.00716127679233718
"542",0.042370641766265,0.0130567790025509
"543",0.0532562838072737,0.0110258720685632
"544",0.0435596494072878,0.00692470177429538
"545",0.0174959367851914,0.00898471958917183
"546",0.0459318927895429,0.0155158919866738
"547",0.165999122442593,0.0470889885430823
"548",0.0377741439055408,0.00737928079987459
"549",0.0915605298428635,0.0379684034228939
"550",0.0544952313206281,0.0195569361397413
"551",0.0770164135401043,0.0210215371372967
"552",0.0294993319059903,0.00817319343069092
"553",0.191405538292751,0.00566431104785113
"554",0.0661330006288862,0.0149626328801201
"555",0.085831329291677,0.00713517546607416
"556",0.0377507624079505,0.00627586489757547
"557",0.111547634818933,0.012095253206489
"558",0.0494592525313453,0.0103067591809252
"559",0.0575929381157283,0.0193624555958158
"560",0.0777884627113302,0.014921971086146
"561",0.148688281109297,0.0332896970897843
"562",0.0373390347575268,0.00481736229259864
"563",0.0685487307053937,0.0172322691155865
"564",0.0483370286967644,0.0124484235494039
"565",0.0810265968400176,0.0108062840085257
"566",0.0806323977577536,0.0179663557211899
"567",0.20095748678289,0.0829366916457436
"568",0.0533940172257103,0.00813634433569947
"569",0.472939609932714,0.0079981441884953
"570",0.041040370355657,0.00796039530594896
"571",0.125835248236118,0.0373063848356231
"572",0.138508015917632,0.0537545889950183
"573",0.0660259191299962,0.011517451683561
"574",0.138707887420406,0.0116732431227623
"575",0.0145397521049105,0.00552291250256756
"576",0.0635123004780352,0.00943236155892887
"577",0.0942378404164293,0.0275238340111552
"578",0.0959191798052585,0.0236850077160604
"579",0.062994073141237,0.0102052095983363
"580",0.0594702167476016,0.0176288405585374
"581",0.0990622793725682,0.0295666900427273
"582",0.131078953408875,0.0470162162727769
"583",0.0551372465310477,0.0163468608252654
"584",0.513592415871367,0.0230075680359556
"585",0.205770580955959,0
"586",0.0347936677260348,0.00704067504851341
"587",0.0877156555845042,0.0232228095084997
"588",0.211430088160451,0.0420682421992383
"589",0.0665273119295486,0.00661663856093087
"590",0.0740536876086934,0.0108383394963386
"591",0.0435831807886537,0.025143966475993
"592",0.272329576336536,0.0267317684007374
"593",0.119724400160746,0.0209617538088751
"594",0.0859541810879747,0.0320043448502006
"595",0.264066525993499,0.0669882938998162
"596",0.0747329633884051,0.015370384463046
"597",0.0326950276687895,0.011729186849443
"598",0.0901227973037124,0.0227538127694287
"599",0.0820090660274835,0.0158194083731199
"600",0.0963376073989793,0.00977724905153788
"601",0.0877027015841357,0.023664214529404
"602",0.0981533212611474,0.0152508995785384
"603",0.113947352055833,0.0360443168684615
"604",0.0466544209926077,0.00910577220604921
"605",0.226987474742517,0.01718461215163
"606",0.0811354410743982,0.00634917393231479
"607",0.134162692967579,0.0519310284965608
"608",0.0281494130213039,0.00499624439204742
"609",0.121135443308835,0.00897236768059416
"610",0.112020543107376,0.0293481324431322
"611",0.101315398796732,0.0218027273928872
"612",0.0706209394289876,0.0165926163342223
"613",0.0636611899537744,0.00624068866256084
"614",0.230166371217023,0.0280159264346323
"615",0.0549950238909834,0.0120997887163478
"616",0.0803338030515499,0.0109898133495653
"617",0.0540664353899075,0.00741620538424745
"618",0.0670676093295935,0.0140812196078937
"619",0.0638868975259628,0.0274895429262468
"620",0.0897949195090065,0.0301133115069696
"621",0.0865300479131003,0.0149334337996119
"622",0.0320743880089117,0.0125934462288006
"623",0.0684749131542242,0.0246283670477391
"624",0.0598161059537293,0.0243022297610511
"625",0.0379098981058368,0.00764955047832863
"626",0.0535848928923747,0.0223118850365931
"627",0.0826820327066299,0.0123263476392632
"628",0.0440534375685807,0.00787702476754735
"629",0.0953481139195076,0.0191479187241177
"630",0.131942747435058,0.00955524376938637
"631",0.0767179267552399,0.0191050121520953
"632",0.116840535896774,0.0207155127086961
"633",0.0881461740003007,0.0161590930459338
"634",0.0369307611904756,0.00746040669431501
"635",0.0860643758128494,0.0174953313109998
"636",0.0166676645485576,0.00601414149852154
"637",0.167386158882206,0.014289523671821
"638",0.0696287148852036,0.0124440981290839
"639",0.0274349350806811,0.0110808867056988
"640",0.052066444366986,0.0164659124918964
"641",0.0437513257007181,0.013072012570714
"642",0.0565263596555885,0.0103797066249446
"643",0.0269282091146954,0.00674178838755177
"644",0.0969620649451219,0.0163544794385017
"645",0.132466347564833,0.0188697694970982
"646",0.08161902281227,0.0229556181106155
"647",0.0634121389271236,0.0175564338737427
"648",0.635413472536879,0.0146159978592661
"649",0.0429609332817825,0.0108887656646777
"650",0.0282159315057085,0.0110996920048483
"651",0.0840650887514238,0.0131295617296064
"652",0.0596394467700246,0.00977094270805779
"653",0.0397263293286331,0.0143574219832673
"654",0.0248407804826332,0.00998331396547422
"655",0.0533574893968234,0.0146563632269073
"656",0.0732179541922619,0.00962704596221534
"657",0.026584793214134,0.00846936463141816
"658",0.05868560003401,0.00649122625124421
"659",0.0590342203989912,0.0204260973017972
"660",0.04153702977193,0.0136803731059628
"661",0.0757535724415037,0.0223860115719688
"662",0.0929026564145156,0.0167086667596735
"663",0.144742685417334,0.0386449279079462
"664",0.151239315311545,0.0406938846055912
"665",0.108179394155342,0.0170886303773685
"666",0.0854359244678888,0.0194286469748688
"667",0.248130436240864,0.00638767292692801
"668",0.0242799874321773,0.00477131581165072
"669",0.0253474854166901,0.00419288841069773
"670",0.146328429902286,0.0221956076516737
"671",0.0715130255560451,0.0254651008325268
"672",0.0856226597308667,0.0204019039243276
"673",0.106433703340455,0.00672735965839853
"674",0.237296923217085,0.0138344921617242
"675",0.110037874566352,0.0245192291783086
"676",0.0509125633079035,0.00748201113366428
"677",0.0266248328452157,0.00654494117484662
"678",0.116666846577787,0.0304218598663412
"679",0.0596993115151577,0.00792209907348736
"680",0.0586041021346476,0.0181434295805056
"681",0.0463500200662365,0.0125982244379512
"682",0.0441513363885135,0.0103787428967959
"683",0.122196170344503,0.0326262095223731
"684",0.0682584957597942,0.0140061237106934
"685",0.0518804390589247,0.0209068863116739
"686",0.0596151943966374,0.0239324428909231
"687",0.0571327026484684,0.0113378250057034
"688",0.0351082661420204,0.00503730166826587
"689",0.0379654346790012,0.0133597443906301
"690",0.0931974019644878,0.00841486245440867
"691",0.2307133802247,0.0108847484550649
"692",0.21397953616074,0.0177589624940921
"693",0.0999166400993831,0.00360790401690906
"694",0.0342414236059048,0.0102015721029602
"695",0.0440415546229615,0.0117251576591781
"696",0.0581969990589431,0.0185169992165961
"697",0.0465898968380382,0.00912251790198927
"698",0.031341780930562,0.0138683257307804
"699",0.052107335191189,0.0114215851028181
"700",0.0622802449353893,0.0136364235638626
"701",0.068448752984077,0.0166432581193687
"702",0.0188674123732221,0.00554473886291493
"703",0.103959677965436,0.022142818438394
"704",0.112377349128041,0.0337504628548669
"705",0.0541433527228983,0.0127825932762223
"706",0.16198234994928,0.0078923697940371
"707",0.20014231754589,0.0115906115287833
"708",0.0864041170980067,0.0094265459780196
"709",0.054547276467267,0.0161983555286788
"710",0.0355716543027191,0.0109757441558288
"711",0.0394183379064438,0.00803086626281156
"712",0.0487052434666494,0.0155659720421495
"713",0.0741380230633335,0.00948109554691909
"714",0.0544150420762219,0.0169369533984613
"715",0.144122927618533,0.0260062356785839
"716",0.030518648548158,0.00636864959945987
"717",0.321032005769866,0.0266064132545706
"718",0.136569240427118,0.0208652740804024
"719",0.0652747371295692,0.0114796931149388
"720",0.027879843359449,0.00776609100855645
"721",0.0446350573195739,0.0106969461412058
"722",0.0853369963996181,0.0448422232691615
"723",0.0544618212184467,0.0129050041855533
"724",0.0496487466023037,0.010188232823136
"725",0.319794059956588,0.0448242890653909
"726",0.0819574592283478,0.0605800526842135
"727",0.0392250265050577,0.0110648027787252
"728",0.0351107825058635,0.00768324746866262
"729",0.0393754183254229,0.0166362053130555
"730",0.103690986461261,0.026274957144967
"731",0.100508503576672,0.00548519153835235
"732",0.0212554071800525,0.00367267243741607
"733",0.0620808733583107,0.0145541782173024
"734",0.0829053094307747,0
"735",0.258431511645304,0.00439777076102073
"736",0.0514374983826526,0.0197607240593664
"737",0.100275366577871,0.0124276082198273
"738",0.113052060658899,0.035154125351046
"739",0.0675024104831847,0.0123897639271103
"740",0.589863435574542,0.0231101429086898
"741",0.0272619690429728,0.012428569181127
"742",0.0971441616009061,0.0128218563208474
"743",0.113200088676223,0.0221597730174452
"744",0.0607766115020642,0.0140324415797289
"745",0.12794894440415,0.0555212030249293
"746",0.0493852081087738,0.0134167998216578
"747",0.200623475924463,0.0360801497585371
"748",0.0251324442109102,0.0159769666500685
"749",0.0807110581458033,0.0167674397334001
"750",0.156413675590329,0.0128793732841298
"751",0.0302859810376,0.00960249468268161
"752",0.0884948303317777,0.00832414323021859
"753",0.244596842672965,0.039660870076491
"754",0.127280467808173,0.0268593599434126
"755",0.196393323185067,0.0626753422854322
"756",0.121958110198804,0.0196250815054756
"757",0.0668542073692793,0.0183570994554519
"758",0.045176663203707,0.0204169353737662
"759",0.0877942647413584,0.0225474759361015
"760",0.0542902351341873,0.0104002390946134
"761",0.0901735064016055,0.0165402405550453
"762",0.0666088438057767,0.0213438063152603
"763",0.127193226924716,0.0538475853220801
"764",0.0487710152498652,0.0197761513435201
"765",0.612349893538804,0.054708595328717
"766",0.0744550967657176,0.0153907019642116
"767",0.0243955029889094,0.0114158619607803
"768",0.0340382266470905,0.0152412537871754
"769",0.0996830352651401,0.0293467026991579
"770",0.0258654348222986,0.00839531278341563
"771",0.0463407912668294,0.0127274772413045
"772",0.162812360516202,0.00742382653277596
"773",0.0967729683087426,0.0186481744731492
"774",0.0566799235708062,0.0162197773050826
"775",0.08604186969065,0.0144274641968261
"776",0.0957073189324986,0.0314136654044371
"777",0.485352489349816,0.0145067450345563
"778",0.0525924280966321,0.0121769417209279
"779",0.046667249318823,0.0164076421371823
"780",0.0397945027501386,0.0140748877672619
"781",0.0881586151189406,0.0183171987593091
"782",0.147108959178004,0.040179555352099
"783",0.0592325366900215,0.0390944532845189
"784",0.0471790853095127,0.00858516580328137
"785",0.0280872408674573,0.0105299680899067
"786",0.0715165963228434,0.0249003722601876
"787",0.05778464704637,0.0203912900460127
"788",0.046916162749906,0.0152416457073916
"789",0.0727516216039653,0.00806594501436524
"790",0.147891011709002,0.0151155875604937
"791",0.0780613060236356,0.0242086431913746
"792",0.07868018010768,0.0186867159926964
"793",0.547129500369926,0.0152659898716319
"794",0.25757892129632,0.0209919307174124
"795",0.179040540330357,0.0091876681036242
"796",0.115616698586182,0.00394246345368096
"797",0.0579486331049717,0.0262746090643423
"798",0.106089873237652,0
"799",0.0347958659725141,0.00862600285078023
"800",0.196075062303288,0.04300043063919
"801",0.0718593295116015,0.00981183464807696
"802",0.0638659154669769,0.0150716360759288
"803",0.165080101817943,0.0101342575646031
"804",0.105457860759075,0.0143846393496922
"805",0.0513202344681397,0.017401268285792
"806",0.106806911243371,0.0417058891241932
"807",0.0516934266816705,0.00232879497890041
"808",0.0951739738566753,0.00800517448374156
"809",0.0676267247527687,0.0185646929775934
"810",0.0891241795053689,0.0253889560150833
"811",0.0922208549211759,0.0429873993235143
"812",0.0484539693712831,0.0121032369672207
"813",0.0463754832909519,0.00807791661915525
"814",0.144304508996045,0.0196808429515041
"815",0.0206087213958073,0.00846583422802082
"816",0.0774263244323195,0.0160565159635323
"817",0.161419388834784,0.03811410568978
"818",0.114390644550365,0.00774448893308327
"819",0.0383250875453351,0.0137950298877688
"820",0.0491216770963823,0.012064343134797
"821",0.0583145736088493,0.0175053011273036
"822",0.280842835864732,0.0252699846050862
"823",0.234294481126728,0.0268393088586569
"824",0.0402289511794234,0.00784174125550338
"825",0.110092008025641,0.0432271810295633
"826",0.0980977206069858,0.0204943212441105
"827",0.0821611646419036,0.0208989168282223
"828",0.0756385770555345,0.0195846903505092
"829",0.0542939308426742,0.0112233627568304
"830",0.0385349890284042,0.010652561798829
"831",0.0450459978488187,0.00545445579448423
"832",0.397683234928933,0.0135465628215852
"833",0.155220263482469,0.0675303018169512
"834",0.03605290711216,0.00446379829844909
"835",0.153520061237536,0.0216598875607168
"836",0.0299927172851893,0.00874960666208421
"837",0.0330698930079304,0.00784846599133028
"838",0.0690480673892016,0.00926624608875917
"839",0.219150874454,0.0455299744326361
"840",0.0586068400064755,0.0058459548542676
"841",0.0352607144024226,0.00762658747858815
"842",0.0830362929421792,0.0283476351611112
"843",0.0769091421614459,0.0075108938050865
"844",0.106869860946812,0.0380613714909727
"845",0.0784965903300548,0.0493546487832898
"846",0.0634211290552981,0.0117618152254347
"847",0.0693794713122206,0.0118995564627595
"848",0.182501432847623,0.0216657803877975
"849",0.147813343642452,0.0372468991739833
"850",0.101665177694981,0.0189463218028427
"851",0.0568974587801332,0.0187790334925085
"852",0.044901594157323,0.00979802445267916
"853",0.054861268825712,0.013266686711161
"854",0.0434459348782148,0.0178981503444723
"855",0.0511852418014601,0.00436363055376406
"856",0.0772786039079801,0.0369209969658377
"857",0.125872219408231,0.0231257125955217
"858",0.0320987730122786,0.00938210480741569
"859",0.0914406351385203,0.00974911330121512
"860",0.0917515722933639,0.0108072763606667
"861",0.0640641552436329,0.0140409737734364
"862",0.0676567652615508,0.014052239200408
"863",0.0834372278933555,0.0168181247949727
"864",0.304910539841316,0.00381709446377158
"865",0.0976940614289659,0.0152042991459729
"866",0.0575365998096262,0.00530861692086306
"867",0.378970958678094,0.0276292586274718
"868",0.0901618406191491,0.0142336980018138
"869",0.0720443142345056,0.00710695598635872
"870",0.0495060618326001,0.0121579528383175
"871",0.0742228227532186,0.0193668953960889
"872",0.0705454278380776,0.00955781273855244
"873",0.0876950672700375,0.0180822478056015
"874",0.936357799921916,0.149295335601149
"875",0.0413260061736096,0.0136975759310475
"876",0.103455826954665,0.0175613242044404
"877",0.081262304427704,0.014619938398862
"878",0.0557572438579331,0.0141239468705587
"879",0.0446436508077776,0.00997276225401397
"880",0.116025845379677,0.0138325594620947
"881",0.0537586072408663,0.0139541804941951
"882",0.229659060074364,0.0138490984743188
"883",0.102375521850556,0.0148656738715203
"884",0.0958671712043613,0.0168291229320118
"885",0.0368763865975213,0.00874582482394502
"886",0.0483920119242845,0.0112370374495952
"887",0.0760393666995682,0.0164348728079793
"888",0.0536905273109618,0.0188446843577535
"889",0.273323379457592,0.0366157685746613
"890",0.0854922165983131,0.0183898929440382
"891",0.0648153615406359,0.0116796338969147
"892",0.294290239543445,0.0200355899857138
"893",0.0850809445493875,0.0141331964572924
"894",0.0499890581111739,0.0147849943937998
"895",0.0714870911751546,0.0154230297708482
"896",0.0885084722845463,0.0161869143791913
"897",0.0910649847761554,0.0124812667683641
"898",0.0478915373107252,0.0225552423048818
"899",0.058489040234714,0.00996776358907749
"900",0.13311085546861,0.0505745147256409
"901",0.0253081849659227,0.00547096448548845
"902",0.153678842262002,0.0272354346705823
"903",0.0770558876204455,0.00417164943293122
"904",0.0787706818186293,0.009253249183618
"905",0.136682049022796,0.00201225248874795
"906",0.079499133785152,0.0295312426494976
"907",0.100804955728475,0.0209130678409123
"908",0.141260207989967,0.0229228884284638
"909",0.0769930256314073,0.0244264538004114
"910",0.0772985346340852,0.0197788302965595
"911",0.0447139447318665,0.0136558916759395
"912",0.0635984929600373,0.0205034619946002
"913",0.139038720446171,0.0220292740536042
"914",0.0374864354109877,0.00868490274293044
"915",0.0625073936470728,0.0213759690630966
"916",0.038322032701828,0.00723976420100156
"917",0.144894798831746,0.0146100266846823
"918",0.0806813185912267,0.0292949593779029
"919",0.143185632509346,0.0286059780448268
"920",0.0518138408859518,0.00560287639736696
"921",0.0521605991182484,0.00800779916855782
"922",0.375285904848548,0.03616368212054
"923",0.0476896797327036,0.0150486995657051
"924",0.126315623375162,0.0166847200831936
"925",0.11240324524916,0.0385439105346002
"926",0.0715506420172966,0.0197177693885266
"927",0.0350963968999192,0.00533403426807448
"928",0.112108451592242,0.00347856622938342
"929",0.0459160715691396,0.0136189960372378
"930",0.134251565544539,0.00377021747642791
"931",0.0382217942836161,0.00713979175901388
"932",0.065921256021535,0.0160263637900866
"933",0.152613336623509,0.00635514540510428
"934",0.138232932345723,0.0309874887804146
"935",0.0647223924916436,0.0122525060081149
"936",0.0748611681562386,0.0188679214060189
"937",0.174688485947213,0.0284084487902792
"938",0.04876396680861,0.0106640445247545
"939",0.0589785336605736,0.0174478656391314
"940",0.045045401012005,0.0170589946137548
"941",0.0219116988371679,0.00351347871862091
"942",0.0930234240622861,0.0240983160332608
"943",0.123170042176903,0.015392949430956
"944",0.0793425755679088,0.0180853184153581
"945",0.0875225960911769,0.0322589429391962
"946",0.0801872131412273,0.0314133732685428
"947",0.13489788411768,0.0215244030382201
"948",0.0554658663266637,0.0146889356316222
"949",0.0752220658472252,0.0139766335614599
"950",0.0602682742113272,0.00912550545448725
"951",0.170996226891213,0.0157265598208557
"952",0.150272871645325,0.011088346055615
"953",0.205123015446092,0
"954",0.0728100823344393,0.0127148395257173
"955",0.120105862946934,0.0274848539802857
"956",0.0680021861537293,0.010068455204218
"957",0.0922352149887003,0.0235561292192695
"958",0.0569208590410698,0.00478517649070351
"959",0.0377316569336738,0.00511198746966212
"960",0.074649584869837,0.0269377253945269
"961",0.0844062139887389,0.0122253516883224
"962",0.205319909986146,0.0150641572113157
"963",0.047399989689586,0.0130315818251432
"964",0.0460794393424784,0.0130853978906917
"965",0.0475497913872598,0.00736122211839784
"966",0.0706347100915005,0.0156624998780829
"967",0.029646770544247,0.0108577363473288
"968",0.0333107077304765,0.00723090962528527
"969",0.132334599256013,0.0203706218555956
"970",0.105768272205866,0.0118816561960165
"971",0.0499728533874931,0.03817573278927
"972",0.112380176851692,0.0322565878647073
"973",0.139057528440301,0.0328689878278334
"974",0.417427758636374,0.0078594522249338
"975",0.0980354442412414,0.0286475351134397
"976",0.0367368813122413,0.0225476309296808
"977",0.044882702693671,0.0119207405209261
"978",0.0301809759602867,0.0161042497368027
"979",0.0564776019908416,0.012535064929887
"980",0.0612288143892116,0.00247856590154224
"981",0.0700482178175337,0.0234712913078131
"982",0.0610902259021289,0.019086529284397
"983",0.0460651280520184,0.00723331814621179
"984",0.0553571061693045,0.0083182266693115
"985",0.029832329650916,0.0122918363103081
"986",0.059422650414993,0.0137542921636353
"987",0.095263416951494,0
"988",0.0763964184192881,0.0202643048326473
"989",0.053213086222997,0.018290284835251
"990",0.0562291240374431,0.0104737773578522
"991",0.139178656928495,0.0066950534784956
"992",0.115410301703604,0.0115825097787936
"993",0.106926876584649,0.0155675373821645
"994",0.0663956549626018,0.0147646311864365
"995",0.05915770795564,0.0215291804332678
"996",0.0801652124101049,0.0168922534781444
"997",0.143048566103754,0.0216594162719642
"998",0.222976717805447,0.0235880622933607
"999",0.341786823711729,200
"1000",0.0433063321721613,0.0330873613756088
"1001",0.0591865106970053,0.014250409148725
"1002",0.100430562594978,200
"1003",0.0959349483582612,0.0183505306072244
"1004",0.0664113440380506,0.0203529134744838
"1005",0.0426554270523541,0.00833420910949799
"1006",0.108695680226622,0.0106498106766393
"1007",0.029735354800684,0.00814904991015129
"1008",0.069479035408412,0.0156984273266946
"1009",0.035941568861275,0.00624514235208984
"1010",0.0332514033788937,0.0143816814237742
"1011",0.224120501655265,0.0101314577914894
"1012",0.151591478659463,0.0386814661001019
"1013",0.0519002738721987,0.00683703376569968
"1014",0.248340558289347,0.0157048250782856
"1015",0.0914875959734004,0.023040897611963
"1016",0.0437518431197713,0.0114366970452147
"1017",0.064224413748445,0.0130571546628778
"1018",0.0599249310968217,0.0182175422195613
"1019",0.102167908758518,0.0385090764967621
"1020",0.102375240862681,0.0380172955788834
"1021",0.0723804486596539,0.0191957319528836
"1022",0.20217927997185,0.0152186707636755
"1023",0.109883128545341,0.0450375969781303
"1024",0.064031688672886,0.0124094681158662
"1025",0.0531374331172416,0.010335573343163
"1026",0.0742723961709276,0.0160458930827744
"1027",0.0422523082210725,0.0133884899287209
"1028",0.0566186884154453,0.00835259641510681
"1029",0.0849765718392965,0.0180049727486377
"1030",0.0912207730058173,0.0236679057804219
"1031",0.0972177944808846,0.0193711511329523
"1032",0.0532706485412959,0.0206509771611011
"1033",0.0681311970435501,0.00942787826794517
"1034",0.0514341391990429,0.031459192636223
"1035",0.0847689830093117,0.0236980297449441
"1036",0.0679457377466739,0.0190530252375257
"1037",0.235723977340653,0.0193846105356939
"1038",0.066448080243755,0.0113409261450791
"1039",0.282754931878361,0.0395466004172248
"1040",0.0481881155814814,0.00628206634039542
"1041",0.0591776915858219,0.0161122917550723
"1042",0.265002013539087,0.0106811770285085
"1043",0.171178333566526,200
"1044",0.264777545617567,0.0139461951591469
"1045",0.0997363803513414,0.0205893363577984
"1046",0.027001372117791,0.00989487224157525
"1047",0.138245927801828,0.020696156906587
"1048",0.139949138340121,0.0190189527495337
"1049",0.0781280275767497,0.00743277450681707
"1050",0.0885078578217028,0.0444397585381734
"1051",0.0567738547772704,0.0205249499374568
"1052",0.0858817847647525,0.0347857031668977
"1053",0.0989710153302975,0.0218609945192436
"1054",0.0301124874399302,0.00780570440913597
"1055",0.0526207198570579,0.0202148707392592
"1056",0.102267022539565,0
"1057",0.207538304933089,0.0396751110203603
"1058",0.0747788857915133,0.0174085936837035
"1059",0.0660172465513461,0.00817164602486843
"1060",0.0613446519979096,0.0114160791405238
"1061",0.185035565790762,0
"1062",0.266437301451461,0.0150986616022827
"1063",0.122402638498872,0.0372826862239409
"1064",0.094206456754405,0.00577701222825614
"1065",0.0310235669398496,0.00827994511415026
"1066",0.167778817398223,0.00546802034787158
"1067",0.0489400515848783,0.0130780322599537
"1068",0.32920067309762,0.0433493106191768
"1069",0.0654840572837529,0.0221590048808637
"1070",0.0320444493919228,0.00736543159394861
"1071",0.0219789865482255,0.00509123943381419
"1072",0.105265238284421,0.0297428889554158
"1073",0.0796697392533583,0.0181249661172821
"1074",0.108295502568356,0.0335417427121927
"1075",0.0705221643728383,0.0258153830083432
"1076",0.10947385191033,0.0189612624136543
"1077",0.0671798681169817,0.0137992826885679
"1078",0.107121995451892,0.0288541577381583
"1079",0.0660380558585177,0.0340998060484068
"1080",0.100159790085364,0.0272429585237613
"1081",0.0828443549144235,0.130198119399075
"1082",0.0321591736745014,0.00647279926695937
"1083",0.0460191029691403,0.00782582146945712
"1084",0.0578648837841077,0.0248556765738338
"1085",0.0558837776770763,0.00774411116503061
"1086",0.0387269474678782,0.0132165682235428
"1087",0.0700415782805418,0.00103023756500029
"1088",0.0557457075060134,0.016820071789021
"1089",0.0928451864618513,0.0111960574245742
"1090",0.043428509103521,0.00774321179031781
"1091",0.148339171701467,0.0467786999301355
"1092",0.0678482392264539,0.0182471355218163
"1093",0.132893447663755,0.00669395661700619
"1094",0.0446801662367591,0.00693721657019699
"1095",0.0264113426812491,0.00682416626703034
"1096",0.0763196458872025,0.017243284169843
"1097",0.0720874878019467,0.0217194754413759
"1098",0.0812796462738114,0.0152037188373682
"1099",0.0874332059232018,0.0244470806845632
"1100",0.0469886414780708,0.0064401402578673
"1101",0.0212937842892978,0.00751666581627744
"1102",0.12683524819694,0.0222947719498558
"1103",0.134899330210107,0.0298557167527441
"1104",0.0221632922312346,0.00324601764831278
"1105",0.0860917033019855,0.00674425228008442
"1106",0.0340064754244504,0.00719037120553876
"1107",0.090092389630145,0.0304637757920357
"1108",0.0539729256718391,0.0146911075640173
"1109",0.182467961695643,0.0155918856119541
"1110",0.0905011279113188,0.0205621095745201
"1111",0.0715976180803629,0.0207409822897384
"1112",0.227147831694069,0.00864626012592541
"1113",0.0485104378290998,0.0112440257676043
"1114",0.0617236833337967,0.00841333131033621
"1115",0.0670250626091816,0.0239064372531874
"1116",0.100731339586376,0.0360893894663368
"1117",0.0827843578627976,0.0799583948078566
"1118",0.4294410132111,0.019130402858441
"1119",0.0503969501364667,0.01023162822095
"1120",0.0481044664859249,0.0147188086665482
"1121",0.128000057433004,0.00551257129878265
"1122",0.0554569058013906,0.00745553055109815
"1123",0.0732179541922619,0.00962704596221534
"1124",0.0713653059863571,0.00380240100226812
"1125",0.0908329604185887,0.02025879770265
"1126",0.0680952952013245,0.0260158901066945
"1127",0.0512334712303462,0.00790018649502784
"1128",0.0784093774594623,0.0250818733863441
"1129",0.0415041623341793,0.0105729144439734
"1130",0.0755785019688326,0.00866398648941301
"1131",0.101144487414883,0.0208246038315182
"1132",0.244897100033679,0.0381168480023361
"1133",0.0484515572246672,0.00820654397843278
"1134",0.232523635056063,0.0405453723571835
"1135",0.0408915352166645,0.00696050148471116
"1136",0.0898542058801787,0.00782539257585684
"1137",0.0392057976803956,0.0117645511314465
"1138",0.0378822994139247,0.00803499671227397
"1139",0.0395420622403125,0.00984874773417378
"1140",0.045696545341552,0.0156268105640006
"1141",0.0511926794504148,0.0123153324921506
"1142",0.0975991497061194,0.0223272770912823
"1143",0.034597356340624,0.0211587275614283
"1144",0.0580225434128751,0.017119308177584
"1145",0.0397460871982745,0.0120827527848765
"1146",0.0420676181025701,0.0131003937385188
"1147",0.0495099575745279,0.0177595563555883
"1148",0.0717000961340696,0.00800078369835973
"1149",0.125297571571677,0.00736627894181203
"1150",0.10519768695245,0.018875653658254
"1151",0.0520219542895038,0.00863180270360929
"1152",0.203234165049458,0.0215449923576879
"1153",0.0669087515287193,0.0154754948732451
"1154",0.0628734853998395,0.0202245904769316
"1155",0.0430458574033172,0.00748465888291853
"1156",0.0547710545969176,0.0136331345651419
"1157",0.0821484868894476,0.0118555098531869
"1158",0.0639185462630892,0.00966248522878771
"1159",0.0669666148676429,0.0115750269325611
"1160",0.108918733955581,0.0237143020430336
"1161",0.0383695693649484,0.0145147147037205
"1162",0.135508552135878,0.00907231345441604
"1163",0.0739867439775826,0.0200205158405637
"1164",0.0621825436744267,0.0206203381636875
"1165",0.222633525513717,0.0434112025340873
"1166",0.0445264208749087,0.0116908499326621
"1167",0.163092733970798,0.0342640444671318
"1168",0.0502769625723552,0.0143026359637706
"1169",0.0374781479035839,0.0116695674615812
"1170",0.11574453558141,0.0163366527777545
"1171",0.0767775948760304,0.0107262982730453
"1172",0.115198529871701,0.0334971209602209
"1173",0.0270862398842002,0.00617541307399478
"1174",0.0339998833706728,0.00167464614595062
"1175",0.0493439924982824,0.00790458853735677
"1176",0.108009533772612,0.0300391953311762
"1177",0.0503877656612911,0.00717775570721474
"1178",0.100979339425184,0.00966742129864352
"1179",0.0448006457802157,0.0102957817536296
"1180",0.126966805067282,0.0376760050710808
"1181",0.0607273064909367,0.0201558150511131
"1182",0.0219821563263442,0.00639564160763907
"1183",0.175073131932879,0.0145812074348667
"1184",0.130873760673687,0.0124061214170389
"1185",0.0509613617471022,0.0135400058087046
"1186",0.071183674489224,0.011122042714371
"1187",0.0604946412080367,0.017386081541175
"1188",0.0576282867005474,0.0090660608314638
"1189",0.0430037793217772,0.00904054648327823
"1190",0.0692951863643266,0.01490068641888
"1191",0.0913756774555186,0.0123347965768441
"1192",0.0342174521137575,0.026728958112812
"1193",0.0652113498418965,0.0118885795982498
"1194",0.0376783167006032,0.00847695373974151
"1195",0.0620232429108671,0.0185482703759932
"1196",0.0656424674183181,0.0197793465741978
"1197",0.156015736302995,0.0183676606957573
"1198",0.0778834128982385,0.0262845347934695
"1199",0.0359646095400913,0.0147580342019523
"1200",0.157834014061764,0.0113867877797186
"1201",0.116577358315962,0.0216380619971583
"1202",0.62457624256046,0.0204070742453608
"1203",0.0856310761717913,0.0124723919500362
"1204",0.0597851365797885,0.0144284886877031
"1205",0.0471467601535469,0.00880887677899881
"1206",0.0988754787106309,0.0277083473788514
"1207",0.0636346888160151,0.0172946191006723
"1208",0.13969133793782,0.0120179362964487
"1209",0.0154450540294256,0.00253840434977316
"1210",0.0805838314778764,0.0151956209500089
"1211",0.0974756355098453,0.0295300200220523
"1212",0.0699722544737338,0.0255228250904534
"1213",0.222518282699985,0.016408077539544
"1214",0.145896688026973,0.0272388253585942
"1215",0.223964210831004,0.00654916839789265
"1216",0.0377704479493098,0.0315803123046697
"1217",0.0783890543376004,0.0116949782951553
"1218",0.0358751004752605,0.00930697166692157
"1219",0.175456533207389,0.0457971169637574
"1220",0.0744593621377194,0.0253243689513891
"1221",0.056735003589391,0.00792659966892959
"1222",0.0893181620215197,0.00679958335963535
"1223",0.0518450034066711,0.0255277275486144
"1224",0.072233315987671,0.0155740290509845
"1225",0.0385793689662249,0.012469376973586
"1226",0.0660494132800162,0.0076756412958526
"1227",0.0651735493386068,0.0269663709470593
"1228",0.0286993164382589,0.0117457096819691
"1229",0.059680595697704,0.0162705709254758
"1230",0.0620536549164064,0.0201605152563719
"1231",0.0435711347258671,0.0115418188232566
"1232",0.0516187912478027,0.00424262838514601
"1233",0.0320533916849118,0.00760370971222452
"1234",0.0406071396571734,0.00372454932308297
"1235",0.0512770683397617,0.01030150067494
"1236",0.0713493894339436,0.00471736933869047
"1237",0.0925126168965375,0.0258606007526112
"1238",0.110388677178498,0.0139163273440407
"1239",0.126580207520425,0.018289365634452
"1240",0.0733248316866742,0.0122022707805924
"1241",0.051560881151538,0.0296361669035809
"1242",0.0632547401921581,0.0170238418638034
"1243",0.10277047812869,0.0210415298194058
"1244",0.348147634226294,200
"1245",0.0680201240879189,0.0222090276068737
"1246",0.0451056338833095,0.0106044360374282
"1247",0.129016025897363,0.0162222439630416
"1248",0.0490708366783478,200
"1249",0.110506963206643,0.0264979612667785
"1250",0.0512897641480663,0.0121132140924002
"1251",0.0762747329668872,0.00443452144529925
"1252",0.040062545009368,0.00797299589817489
"1253",0.0463163009797238,0.0147185400903314
"1254",0.0467047116534704,0.0149540296071837
"1255",0.1799505853462,0.0164351729041811
"1256",0.0760526286988623,0.0145225513118741
"1257",0.0277506997875564,0.00340772869419946
"1258",0.152852063790837,0.0305259463833361
"1259",0.098574803035437,0.0112130004589293
"1260",0.221621883272719,0.0240341711413438
"1261",0.49154947524898,0.0134019462145705
"1262",0.0211910670562938,0.00489688043967651
"1263",0.0622241027899292,0.008579819077454
"1264",0.0637047743487949,0.00995640085290406
"1265",0.0512194466611939,0.0162923079811903
"1266",0.0950812276508819,0.00459294935084433
"1267",0.0581948740153385,0.0167046432852147
"1268",0.0931658762076868,0.0271528668963582
"1269",0.042054863056386,0.00908593355041161
"1270",0.158346583396107,0.0108789694331287
"1271",0.0526042487905769,0.017128882236269
"1272",0.0339586172274879,0.0112172442001724
"1273",0.0678844820334155,0.0179418803446463
"1274",0.222496461520213,0.0463055543280087
"1275",0.798901702513509,0.026606865082388
"1276",0.0674514880010296,0.0142287305217886
"1277",0.09983594154086,0.012105868700322
"1278",0.0423250768350513,0.0190918883659609
"1279",0.0921985681403058,0.0181144867685557
"1280",0.0794946899145475,0.0219416364344942
"1281",0.0522855317895166,0.0222217692143331
"1282",0.0663242234101108,0.021984235621217
"1283",0.0783420193821972,0.0302167631882341
"1284",0.0394507890107714,0.0140815200756665
"1285",0.187209954378262,0.0195880808889735
"1286",0.0543465205753581,0.0225036019048187
"1287",0.0982028066607983,0.0168584393733104
"1288",0.0799951900238334,0.0062949579960456
"1289",0.0164365652309127,0.000904064693106055
"1290",0.108126312018044,0.01903557520914
"1291",0.0779928319058522,0.0133902990169426
"1292",0.0563946124993668,0.00943785580628577
"1293",0.0443997389125093,0.00986763120293312
"1294",0.0390975536646836,0.0235029704483352
"1295",0.112308861476398,0.0228627873050841
"1296",0.051504435789155,0.0110060148847406
"1297",0.0451546769718064,0.0141011261033793
"1298",0.0512731493744343,0.0083655984426926
"1299",0.0789541163509037,0.0104253042163062
"1300",0.0345835605414744,0.0119699944853023
"1301",0.0825181593910056,0.0158244207504843
"1302",0.0640259249559029,0.0105478418685198
"1303",0.133921537602254,0.0156447224267281
"1304",0.188814480617233,0.00900957553960959
"1305",0.0235461849361193,0.0172329303216395
"1306",0.0375040429178313,0.0121507788875856
"1307",0.051469698510026,0.0202892810755443
"1308",0.102313410705911,0.0158646516567416
"1309",0.0679088532705971,0.0210576429033191
"1310",0.0786276709336187,0.0342044623199767
"1311",0.0521553996998607,0.0215963265616609
"1312",0.0694321446883597,0.0187319197005661
"1313",0.0670444376071392,0.00101252175940318
"1314",0.0631447321844334,0.00910097720199964
"1315",0.0876316690568264,0.0248236093569591
"1316",0.0350182972806957,0.0247523499178195
"1317",0.0585880310891917,0.0118512461321297
"1318",0.287749885782497,0.0440623832639622
"1319",0.0646164469673552,0.020659053043514
"1320",0.0385048742160208,0.0225043186263015
"1321",0.0208439649080476,0.00693083533572302
"1322",0.146480513048858,0
"1323",0.0816216962846172,0.0178926671949058
"1324",0.0646292269819159,0.022467773248562
"1325",0.0731462270412255,0.00568390223428909
"1326",0.0502141918782203,0.00317226542227729
"1327",0.0507812962885366,0.00704333375710936
"1328",0.1176867707593,0.0371169614481895
"1329",0.0255294882851541,0.0139653037269548
"1330",0.0592132280981491,0.0128562385021162
"1331",0.0687163586297053,0.0261466982409973
"1332",0.0501278572980339,0.00707169276989656
"1333",0.0540884719986062,0.0154222082301732
"1334",0.0536541089160789,0.00829581085624917
"1335",0.0416726619579932,0.00630879722343687
"1336",0.118257243236254,0.0138179416094203
"1337",0.0809515743204463,0.0124765458270555
"1338",0.04954538359611,0.0086462459178142
"1339",0.110598025185763,0.0100771424547886
"1340",0.204972034979951,0.0644998574370203
"1341",0.198244851673589,0.0116566642725489
"1342",0.0425681635442278,0.0100160700131294
"1343",0.0220728458503316,0.00576637310860661
"1344",0.0649404195951866,0.00534297957892321
"1345",0.0719291619265449,0.0102282305151237
"1346",0.0707841134803784,0.0202796675181746
"1347",0.0348398621103797,0.00577698608846415
"1348",0.0940909515084375,0.0167814687310622
"1349",0.0506341557028356,0.0328158192202455
"1350",0.0446765554445294,0.0133090699921327
"1351",0.0745149748466192,0.011405762262965
"1352",0.115901268573754,0.0169002630523089
"1353",0.0507969421810373,0.00968310810261294
"1354",0.101748228268609,0.00663664466100554
"1355",0.103393632039796,0.0121760113036071
"1356",0.110250754853527,0.0226148845003641
"1357",0.10279242963531,0.0105491509854445
"1358",0.0495546831757511,0.010981774636332
"1359",0.0467233708700186,0.00537759704873024
"1360",0.303488617261717,0.0131533353004345
"1361",0.0553352681396008,0.00936710284846381
"1362",0.201920976521282,0.0251660741927676
"1363",0.0579054429488946,0.0221073101798264
"1364",0.0664563573642736,0.00685709443414956
"1365",0.0616004585695881,0.0263795513385738
"1366",0.0371546925980763,0.0086161180012616
"1367",0.0711320910695391,0.00874989489132594
"1368",0.0561122647776304,0.0118102432078909
"1369",0.0609279488416647,0.00712752656095889
"1370",0.0611491550559088,0.0121399036316447
"1371",0.103790698513192,0.0271262374081058
"1372",0.0459944475317343,0.00743773881748551
"1373",0.0432328838068467,0.0118550688329396
"1374",0.076943413782508,0.0242226441068191
"1375",0.0653496386591546,0.0169807994967257
"1376",0.0215092228580303,0.00723620185539048
"1377",0.0914616103690393,0.017547656379142
"1378",0.103924463284461,0.0236434377238816
"1379",0.0604788725108095,0.017169017126381
"1380",0.0364669016584382,0.0162888908482545
"1381",0.0765982786301727,0.0158770444737505
"1382",0.0852315781553616,0.0447272135765716
"1383",0.111159471830108,0.0027453656197806
"1384",0.0671673883341789,0.0181946576023922
"1385",0.087400896755604,0.0268222242477906
"1386",0.0347222094546807,0.00962196937764407
"1387",0.0928052587111499,0.0126291374300879
"1388",0.0327232668005376,0.00954133156851703
"1389",0.0739799747226089,0.0317616865489163
"1390",0.0323906986583834,0.00989566542190643
"1391",0.0348645656304118,0.0174364603622547
"1392",0.11280899460384,0.00585415419397936
"1393",0.0314576787084676,0.00508849691480516
"1394",0.0376714605211946,0.0105902153615395
"1395",0.104924256842988,0.0202340146035517
"1396",0.0933130856838037,0.0185072409782376
"1397",0.108183539161029,0.0241322097606676
"1398",0.0508898390899561,0.024385250030672
"1399",0.0394858360558843,0.0123671015514263
"1400",0.0713052449460208,0.0130871711861096
"1401",0.0649963184487585,0.00851445954468926
"1402",0.118227666141804,0.00781551794497959
"1403",0.110260366812841,0.0207493882918902
"1404",0.092208673907356,0.0134183887394552
"1405",0.0325346681872297,0.00657219848006657
"1406",0.0792860729819861,0.0212556208700171
"1407",0.037358926341048,0.00102193463584365
"1408",0.387524250048548,0.0551992098422324
"1409",0.0643477882113363,0.010190054577547
"1410",0.0401040111418492,0.00945026309760789
"1411",0.0487338786358045,0.000287596837572132
"1412",0.0194306748088298,0.0112379450951734
"1413",0.0824965055976,0.016456271834344
"1414",0.0305243842063527,0.00188682744032072
"1415",0.150940751064538,0.00255365659161253
"1416",0.0816604140611602,0.0151794414089381
"1417",0.163425537873881,0.0487090290196567
"1418",0.112673146386639,0.0202793851536017
"1419",0.0743737859732008,0.0310430331018318
"1420",0.0416561621977054,0.0194810215352126
"1421",0.0501237832163689,0.0181495792591963
"1422",0.266712742060554,0.0223316191807546
"1423",0.0348803148739036,0.00443352451946365
"1424",0.0923316559794753,0.00533749013393666
"1425",0.103111309410356,0.0158519831054788
"1426",0.079013499294917,0.0202272466327474
"1427",0.2356624640889,0.0252397286688909
"1428",0.0459750317809995,0.0140662700625727
"1429",0.153716001573704,0.010497068132004
"1430",0.10016627989475,0.0209917058220544
"1431",0.108109833794104,0.0104081676189344
"1432",0.0605107298158557,0.0163773917475236
"1433",0.0915541273204644,0.0274474837184488
"1434",0.0461109016895809,0.00392596614853004
"1435",0.0720228641231809,0.0232573708803001
"1436",0.114905966034305,0.0319732055875795
"1437",0.0317573285432281,0.0162140756171162
"1438",0.077340424141731,0.0237008654172014
"1439",0.0621718074618869,0.0177293141863738
"1440",0.0927288163088136,0.0109277896975275
"1441",0.0957503976096975,0.00600797485085833
"1442",0.0908298489386169,0.013693865210737
"1443",0.0412865782698167,0.010889988272391
"1444",0.124920644512193,0.0452194626175348
"1445",0.121793098239752,0.0300503570812781
"1446",0.0862605202917344,0.0238980614366131
"1447",0.0700422510035959,0.0172205438261096
"1448",0.0969485944241246,0.0185972192517418
"1449",0.0725310602787041,0.00333940430177787
"1450",0.0520642421091321,0.0134169582116337
"1451",0.0382973538288373,0.0161958815704362
"1452",0.105198826975315,0.0118666818117753
"1453",0.112805784348643,0.0109559384783732
"1454",0.0638674558471813,0.0353452750150455
"1455",0.0869182310453958,0.0172060537605913
"1456",0.0510992530952532,0.00373758252594608
"1457",0.13026046893923,200
"1458",0.0968643650947195,0.0180253114947597
"1459",0.0890467954644158,0.0309766608121257
"1460",0.0459720243901164,0.020924180605289
"1461",0.0347850471017325,0.0075890192895018
"1462",0.083333182973387,0.017230251242786
"1463",0.0655485021727658,0.00590590686443501
"1464",0.0931509757191522,0.0159725843336255
"1465",0.0485688235719392,0.0047638306826198
"1466",0.157783085519372,0.0361975226717076
"1467",0.0277609109383671,0.00398052609938958
"1468",0.0443546380096889,0.0229392340157676
"1469",0.0493010683835536,0.0153876140034624
"1470",0.0525998387708224,0.00580758235998732
"1471",0.0719615634900397,0.0271470153084476
"1472",0.196218314651667,0.0122791971222451
"1473",0.0722366702252089,0.0226227191343049
"1474",0.0544974316831554,0.0102145822692815
"1475",0.0689210717984479,0.0281672795719814
"1476",0.0514394503873914,0.0100998772369952
"1477",0.0249234911158663,0.00824173610701369
"1478",0.0847479990531491,0.0129128015676513
"1479",0.15877036154862,0.00910697984100132
"1480",0.0568124206203118,0.0164130951430967
"1481",0.0717892697674005,0.00786457201195836
"1482",0.0377531998316425,0.0116444535009852
"1483",0.0515678046387109,0.00994752746298952
"1484",0.0257370078691765,0.0148987893705706
"1485",0.105084107451069,0.0120383474041757
"1486",0.0239240908596805,0.0203822796029553
"1487",0.0304042843990082,0.0107480269046153
"1488",0.167437805385477,0.0233729640752226
"1489",0.258178434123009,0.0415372152536455
"1490",0.0465632841056038,0.016520815220042
"1491",0.102617313895838,0.0303795017055815
"1492",0.0397357860440468,0.00754004415578643
"1493",0.0588816856228163,0.0270109225773538
"1494",0.0623083293857185,0.0156599070118258
"1495",0.0523631453243268,0.0112048171164705
"1496",0.0625694905496671,0.0129314327215861
"1497",0.089090885518649,0.033974660322498
"1498",0.0313919680070603,0.0113363938595909
"1499",0.034569585558973,0.0116038743360012
"1500",0.0664654287539378,0.0123576065831404
"1501",0.102503275039548,0.0243144693016915
"1502",0.104420397105987,0.0278444263595422
"1503",0.0522097838589389,0.026503068537972
"1504",0.0228556768133842,0.00412306534213966
"1505",0.0711958525079287,0.0187710667800229
"1506",0.0430249767562977,0.0148650625665135
"1507",0.0388122965708777,0.00515762928712812
"1508",0.0443018727723746,0.0167045794362685
"1509",0.0507509521529871,0.02955746181333
"1510",0.0389570722884892,0.00849232351585261
"1511",0.141615579558106,0.0235170515032786
"1512",0.0954507686041692,0.0191722196085784
"1513",0.0287233782175145,0.00811655074823943
"1514",0.0647866736515865,0.015215283469328
"1515",0.056170022766307,0.0117216559892633
"1516",0.106731867800132,0.0400856871642428
"1517",0.0568050871052552,0.0204398054312487
"1518",0.201124519013219,0.011407586401421
"1519",0.0809379228068115,0.0108213901951198
"1520",0.042362216736717,0.0122553587062678
"1521",0.035819568032172,0.0089117511399234
"1522",0.144019114781608,0.0154921163081719
"1523",0.0497704119183658,0.0114759596251048
"1524",0.139492140258834,0.041269067372901
"1525",0.0807041806156555,0.0143319195339994
"1526",0.16342245848388,0.0219493620124537
"1527",0.032500017190372,0.0104025985259597
"1528",0.135749057258758,0.0119386848389964
"1529",0.11490348751105,0.00365640144779363
"1530",0.071355942832883,0.0137210454392643
"1531",0.144252791139899,0.0282229288624139
"1532",0.0420014320209968,0.0182976356439883
"1533",0.0767962450633451,0.0185091197409735
"1534",0.0270798266247667,0.00911866532204873
"1535",0.0632859764331415,0.0140564854793066
"1536",0.0799470608590088,0.024216308691281
"1537",0.0769860470722299,0.00826810320357824
"1538",0.08719723811666,0.0105879123347403
"1539",0.112004843501941,0.0260145969403781
"1540",0.143912549409796,0.00863201174981918
"1541",0.371497098455507,0.0126806269857859
"1542",0.0928295409974521,0.0268773970405704
"1543",0.168401880645471,0.0214951667713741
"1544",0.102651956568033,0.0246166376765228
"1545",0.138242311078868,0.0240156313366174
"1546",0.0338871613613379,0.00852646274153398
"1547",0.0759747470891085,0.0136192689208535
"1548",0.0913413563493606,0.0344557161509508
"1549",0.0223079444325313,0.0052613427473164
"1550",0.0983785569674207,0.0136765018100771
"1551",0.0626087441460963,0.0176690918979119
"1552",0.751107916935358,0.0179205183573523
"1553",0.0825528931379371,0.0119706810351475
"1554",0.114970915748721,0.0169993154853958
"1555",0.0581909166949389,0.0185630269967823
"1556",0.0887478709053149,0.00616277554820999
"1557",0.156982913089943,0.0180264380593353
"1558",0.0269779027277739,0.0069860156130151
"1559",0.0440289300829054,0.00741342203776511
"1560",0.542777314010574,0.0494949716888128
"1561",0.0664399360943314,0.0116405936392548
"1562",0.227431165672883,0.0105961113123344
"1563",0.156180208676579,0.0271246679011454
"1564",0.200302923142732,0.00755055754067249
"1565",0.260535311977876,0.0137267429495037
"1566",0.100655558432639,0.026209817069557
"1567",0.0643935885446192,0.0230757936687196
"1568",0.0864192457744328,0.00751363930978256
"1569",0.0567808872615413,0.0477452251336125
"1570",0.757753869261984,0.0108224824121878
"1571",0.0992949270110084,0.0104731763462283
"1572",0.496307403220486,0.031512975539877
"1573",0.0758592369778401,0.0118704885968397
"1574",0.0588876301492182,0.00856328010312143
"1575",0.067508704012426,0.0228369764673785
"1576",0.0569461718234869,0.0254404555352935
"1577",0.115965333420761,0.0132086174833237
"1578",0.125341850743072,0.0296300497239674
"1579",0.0972117059183838,0.0328276937014271
"1580",0.121689128289773,0.0253279529364756
"1581",0.264680783903417,0.00409580999493699
"1582",0.0444378064892411,0.0234019756160957
"1583",0.0452380403778249,0.0123969892092461
"1584",0.038793328303135,0.0155708419130221
"1585",0.027561427786218,0.0139098047277564
"1586",0.110202536357821,0.0146049697897558
"1587",0.042298550563292,0.00778754722265466
"1588",0.0304436967000714,0.00859874500337974
"1589",0.127476208164906,0.0224717964376295
"1590",0.188381178148055,0.00816904350707847
"1591",0.104368258759373,0.02157426738949
"1592",0.0541692139352515,0.0145315748492154
"1593",0.0415065545671336,0.0112587017364011
"1594",0.0876681761273271,0.0149905413432546
"1595",0.0573321696693039,0.0108481933150477
"1596",0.318910120145906,0.0428591641383267
"1597",0.0413335102498926,0.0117985469435297
"1598",0.156354873597295,0.022121206226854
"1599",0.0524593094012603,0.0102698168668599
"1600",0.133891527827452,0.00698331224379686
"1601",0.0871928694333785,0.0233553987931222
"1602",0.0377354792617182,0.00725086158163205
"1603",0.029766937140249,0.00477704240949381
"1604",0.0564125789337008,0.0289088590406403
"1605",0.0501386594289161,0.0351381113663402
"1606",0.28419851896563,0.0138576727035466
"1607",0.268469671714263,0.0995280793023612
"1608",0.0608027675618384,0.0180179201589577
"1609",0.0718163944419368,0.0142908003779209
"1610",0.0512683491864587,0.0213367802223025
"1611",0.0646288691034636,0.020016635891251
"1612",0.0979056508785121,0.0144650344256575
"1613",0.0515068884964473,0.0178599349860526
"1614",0.0893137708646961,0.022480955023096
"1615",0.057103050285049,0.014328015885344
"1616",0.0577400924175119,0.0156610066019147
"1617",0.0674048050263951,0.0191773259982425
"1618",0.120253084053791,0.0223148071810944
"1619",0.186088577679278,200
"1620",0.0776183445694839,0.0104403853822975
"1621",0.0320088393075288,0.0358337829855697
"1622",0.0889534884380333,0.0112287964309042
"1623",0.219689290301448,0.00251010350266044
"1624",0.0839519112098591,0.0115508638624163
"1625",0.136273972988148,0.0343626249613366
"1626",0.42379361098576,0.0187409503938357
"1627",0.0373311217489079,0.0171368415989672
"1628",0.117247538760819,0.00671816461673681
"1629",0.10100166231108,0.0326429071212489
"1630",0.0756607227367764,0.0209136155714801
"1631",0.126994735484519,0.0113336771776192
"1632",0.312194095585308,0.016081304845525
"1633",0.0656294847703957,0.00852465140768733
"1634",0.0588854496329471,0.0181473892949034
"1635",0.0710811235056096,0.0309202300900837
"1636",0.172850165574134,0.0172884365282292
"1637",0.0222946966759732,0.00761549863247955
"1638",0.219058040637174,0.011595850900111
"1639",0.0233953543507873,0.00863863763567716
"1640",0.0518880335251197,0.017735497502019
"1641",0.0834325467195657,0.0290421742064263
"1642",0.0627974625277248,0.0180103907833614
"1643",0.0341082568545913,0.00772676333489121
"1644",0.034996033473756,0.0102686009992841
"1645",0.0536329046104659,0.00775611243113176
"1646",0.0688638660191156,0.0339389414139709
"1647",0.0601998511444879,0.0100821092841478
"1648",0.0929519763473551,0.0286969923114201
"1649",0.0781426351709965,0.023130851750525
"1650",0.186709470200816,0.0222976458273318
"1651",0.0297148065875345,0.0121557816775005
"1652",0.0320055616906871,0.0114376218551968
"1653",0.0667643732178046,0.0347976855942152
"1654",0.0638725508337887,0.0110615778436049
"1655",0.158350548240201,0.0335227434287165
"1656",0.0999714536847074,0.0330654209059645
"1657",0.0895988601592603,0.024296237476249
"1658",0.0268361279966513,0.00659990334608317
"1659",0.0533675322597199,0.00613460651773844
"1660",0.0780184824402846,0.028186398590959
"1661",0.0704794080398563,0.0101804602722582
"1662",0.104152450530863,0.0211011833835857
"1663",0.0753267493893602,0.0113823527364574
"1664",0.117831384019182,0.0327891436989267
"1665",0.0282233975551328,0.00900370709613184
"1666",0.0298082154726144,0.00746147367783654
"1667",0.104647823566133,0.00885074397014215
"1668",0.0529882418657246,0.00814036250003566
"1669",0.0387915676795477,0.0127085503935811
"1670",0.0796696751079713,0.0274811451093048
"1671",0.0794783473676925,0.0354758000731753
"1672",0.0518751556784925,0.0106267830596471
"1673",0.0485521540164899,0.0130600337700195
"1674",0.118096718555792,0.026858371910978
"1675",0.079347017519114,0.0122708500335329
"1676",0.074609909938397,0.0194220783480671
"1677",0.0556503867138855,0.013508026031482
"1678",0.123626623280236,0.0184064343044507
"1679",0.0815930590395666,200
"1680",0.0483532503438421,0.0143190299198048
"1681",0.0452440408992127,0.00709925179437213
"1682",0.219276599079085,0.0220679872506274
"1683",0.0229414548147456,0.0112239802850665
"1684",0.0257374334988758,0.0119554230346734
"1685",0.020106583894723,0.00583196049091106
"1686",0.0797990947756803,0.0291159750334742
"1687",0.0736276311031212,0.0106887752466545
"1688",0.0701213461290511,0.0156618113137201
"1689",0.075469237244104,0.0198408302779565
"1690",0.0694606894890979,0.0210550642644464
"1691",0.0684317046227215,0.00767919766526833
"1692",0.262707030544296,0.0134846661564829
"1693",0.608647714344436,0.00934565697472194
"1694",0.0149597119950326,0
"1695",0.0523499114649367,0.0127267616627366
"1696",0.219471340721946,0.018028277829828
"1697",0.0274163722864134,0.00391999969257079
"1698",0.0879414141304046,0.00622851784360045
"1699",0.0330727110609671,0.00297912807960088
"1700",0.0483353754308731,0.00678208665844045
"1701",0.0326142886133425,0.0143616080897849
"1702",0.0786717857191869,0.0196322463407699
"1703",0.0342719934558789,0.00797630803977716
"1704",0.0849744938077924,0.00487801293550606
"1705",0.108473254412356,0.015486429143619
"1706",0.0596235886482954,0.0147352698926306
"1707",0.0481226571341479,0.0151508832404322
"1708",0.0529494228709598,0.00781076699404609
"1709",0.0509082566499049,0.013365966350235
"1710",0.0355950861273846,0.00624706480508567
"1711",0.0413301772364527,0.0063887741557541
"1712",0.0569014876621559,0.0105859518833482
"1713",0.0571696530670279,0.0158344398271852
"1714",0.0429254522004739,0.015682730264768
"1715",0.0313459932730697,0.00996818710799428
"1716",0.0671147361760554,0.0125208244673194
"1717",0.0753448870205367,0.023326435750957
"1718",0.142386209935655,0.0325277091870593
"1719",0.150836050668105,0.0302193716824616
"1720",0.0458304288806763,0.0158209573488356
"1721",0.0693477312250644,0.0257052258814924
"1722",0.0506339130793832,0.0079725390760158
"1723",0.123447790132919,0.00746772854654088
"1724",0.114837842919052,0.00821387408952558
"1725",0.107081696491535,0.0250902928413567
"1726",0.0505015099839726,0.0125318882044067
"1727",0.0868568491796469,0.0368058256676873
"1728",0.0871246969763339,0.0157570810224612
"1729",0.0595947930257681,0.0146680943337511
"1730",0.0807185806646648,0.00896186853649939
"1731",0.125478111322203,200
"1732",0.0455599088482561,0.0189780135957877
"1733",0.0547272951386744,0.0241466501515569
"1734",0.689718260796954,0.0152463877401709
"1735",0.0598367388797557,0.0152754847569456
"1736",0.0719395407965976,0
"1737",0.366932149135589,0.0204697536115219
"1738",0.0597132040229217,0.00830517162835042
"1739",0.0527668799503909,0.00619251337299475
"1740",0.056181792289837,0.00395261457849111
"1741",0.0411822659847465,0.0117013937815336
"1742",0.0708213285251822,0.0169458010675611
"1743",0.0455098053355653,0.0194244817767418
"1744",0.0976577514396691,0.0195030570482926
"1745",0.0518421073022272,0.00550626317136954
"1746",0.0789230420493627,0.017590859843415
"1747",0.0960419775293052,0.0184635094685405
"1748",0.161075312029111,0.0317187696639934
"1749",0.0616866507554634,0.00673089633764322
"1750",0.137598617534822,0.0130630649708774
"1751",0.127665009094769,0.0221674274539153
"1752",0.0191343263838812,0.00725358001378163
"1753",0.0551492639375298,0.0088371252081417
"1754",0.0688389215586038,0.0171151575623336
"1755",0.0972303826394267,0.00906521892583294
"1756",0.126741990627396,0.0200619200324993
"1757",0.0649373916635848,0.020161410557812
"1758",0.246898983030028,0.0180655325422772
"1759",0.0298050266056878,0.00737688793480892
"1760",0.105310605734573,0.0405131212696133
"1761",0.0365212044022805,0.0156149665427934
"1762",0.109367093735726,0
"1763",0.132614230469575,0.0104558173970031
"1764",0.112359285826341,0.0206901779717737
"1765",0.0724263526990399,0.00658940628116198
"1766",0.0822628487823591,0.0131011352570777
"1767",0.0680880656949422,0.00680205697533684
"1768",0.0733100970327002,0.034817938643397
"1769",0.088298825466983,0.0150845892455604
"1770",0.0454136356057235,0.0184911781381965
"1771",0.0698813296340012,0.0184878108898061
"1772",0.516496085771764,0.0143058905561601
"1773",0.0262262643719918,0.00743029118844281
"1774",0.0337431336347174,0.00431258937101059
"1775",0.0905468204331562,0.00307793503557959
"1776",0.0924729201092079,0.0195819995786493
"1777",0.10976584395086,0.0182022889403534
"1778",0.0327765881230132,0.0050326493798113
"1779",0.0632685944854347,0.0146778697582328
"1780",0.115002691542259,0.00673225869285876
"1781",0.0541947601845622,0.0109946519118611
"1782",0.0489190193535789,0.0113352074021364
"1783",0.350807616068564,0.0108126670844648
"1784",0.138030263881748,0.0301058691679141
"1785",0.0933600812188019,0.0195514601865952
"1786",0.209630572170124,0.0298064805620537
"1787",0.0510086012359456,0.0124537721737378
"1788",0.440736788169467,0.134997849734676
"1789",0.152949955204228,0.00827341496581069
"1790",0.0823710083051604,0.0241045982899343
"1791",0.0867971105488365,0.0119012287093682
"1792",0.0167266751812632,0.00773071918829834
"1793",0.0594815165772533,0.00704776912398577
"1794",0.0462333640126408,0.00436712778994509
"1795",0.104659772083261,0.036911986106625
"1796",0.0911933037695365,0.031851249569689
"1797",0.117755305572673,0.0132311158495749
"1798",0.145162931390221,0.0475649533703789
"1799",0.0646923093838932,0.0174392060722901
"1800",0.0759273842996499,0.0155387504028889
"1801",0.0450008301802394,0.0130953961696072
"1802",0.0819318455470467,0.0168566468916565
"1803",0.0626871602330167,0.0199444595114628
"1804",0.0585552446119497,0.0181718380967653
"1805",0.106204606977637,0.0242132585868511
"1806",0.185788835337298,0.0112459150929657
"1807",0.0769323268825294,0.021296533074692
"1808",0.0671603283605046,0.0165985650137412
"1809",0.0927779193764831,0.00494194167706479
"1810",0.0264569114948567,0.00897136048649832
"1811",0.0807484295096562,0.0259490870752657
"1812",0.134703592903865,0.025843424671103
"1813",0.0289174356920121,0.0111166460713086
"1814",0.121451769830503,0.0205511502137864
"1815",0.0330783486369484,0.00596460393312429
"1816",0.0672073851487426,0.0139831018164941
"1817",0.110866139002175,0.0050679624482902
"1818",0.195836275259827,0.0105843005848089
"1819",0.0437502687201908,0.00681667067991409
"1820",0.0509744080495441,0.0146942226509216
"1821",0.0291318779096938,0.00559795112643545
"1822",0.0591276581902733,0.0211774853673692
"1823",0.045436123461555,0.00360646804590327
"1824",0.0762152679885944,0.0238264157190235
"1825",0.103119533237515,0.00765510877039542
"1826",0.0693262437032638,0.0180254816311153
"1827",0.0938916883558134,0.0199886925227274
"1828",0.0601648863086128,0.0219980095532454
"1829",0.0207770239338003,0.00595046977456158
"1830",0.0804881408359988,0.0156028166197078
"1831",0.0748721131911053,0.0161458274423798
"1832",0.0610347729255262,0.0157993914544696
"1833",0.110382033035186,0.0261357096908077
"1834",0.0748560774302864,0.0271149808748483
"1835",0.0926795121441653,0.0236413372675132
"1836",0.0568547299259601,0.0162598183682656
"1837",0.069321084423739,0.0101839288741445
"1838",0.0403221126648509,0.00215233418633008
"1839",0.046105102185354,0.00896265314126841
"1840",0.147555185089753,0.0126435921700233
"1841",0.0342706235415539,0.0100585740836934
"1842",0.0625507374826448,0.0182717936786563
"1843",0.0368956418635525,0.010190822480607
"1844",0.0438023919131915,0.0166963382347289
"1845",0.427476388690417,0.0571494983049079
"1846",0.0808438004550004,0.0132845932848109
"1847",0.0650022603920154,0.00812800151355516
"1848",0.0202707221440824,0.00303059840163253
"1849",0.0514841608324929,0.0130284047144807
"1850",0.0533185747554189,0.00954864209734299
"1851",0.0132919444956039,0
"1852",0.0848417992545199,0.0183020807820799
"1853",0.0603875019877967,0.0129233757905999
"1854",0.0630107826083203,0.0067688279974309
"1855",0.0378866236750269,0.00890308062367748
"1856",0.0572499901148037,0.0142125827279124
"1857",0.0553813987142158,0.0203300076016046
"1858",0.439951861611898,0.0239336674579597
"1859",0.125450955403967,0.00679798556770139
"1860",0.0728375522798743,0.0122996752088994
"1861",0.0389749863164493,0.0134538160024663
"1862",0.326807074792467,0.0461446446949083
"1863",0.0789791982852478,0.0121603113066641
"1864",0.116001708615095,0.00280133243312508
"1865",0.0544171005235483,0.00936947858339096
"1866",0.0846533901835971,0.0173729465550093
"1867",0.0887737483120283,0.0128084124566863
"1868",0.0339012584790459,0.0166081052893435
"1869",0.0935313023791083,0.0238631402987304
"1870",0.0500497430583748,0.0169390279353378
"1871",0.197509724580331,0.0270846196730126
"1872",0.075842534787238,0
"1873",0.142894494352192,0.00538886084193947
"1874",0.0959456813268413,0.0064953742247811
"1875",0.0458756669493182,0.0173778872952381
"1876",0.210850416569199,0.0194678329950133
"1877",0.165610701469373,0.0405573302398236
"1878",0.0277940368668958,0.00844027308833369
"1879",0.0406397351728092,0.0235989329089266
"1880",0.0778247347950002,0.0271757094708563
"1881",0.0647649230156137,0.00993519834366653
"1882",0.0399754787072973,0.0101338943742307
"1883",0.0492934676681659,0.00559227187269315
"1884",0.0457557843939899,0.00813360846355133
"1885",0.0547728657103217,0.00962014567380481
"1886",0.0863440571769287,0.0118948654270674
"1887",0.0636955464903626,0.0137158674193579
"1888",0.123385049688344,0.0130519336911191
"1889",0.0414324339458789,0.0130910097419891
"1890",0.0898675500436412,0.0168436635545803
"1891",0.0820093253617723,0.00932630683743611
"1892",0.073629000094845,0.0395307545583007
"1893",0.18012105682593,0
"1894",0.133486417533032,0.0303716468551952
"1895",0.0592170447450684,0.0245950650458331
"1896",0.117797387455348,0.0181433020796475
"1897",0.0776821542974837,0.0137477563587811
"1898",0.128718080586805,0.0131504720416475
"1899",0.0523382112826995,0.00922766177667664
"1900",0.0814257604273095,0.00421637485716615
"1901",0.0536455842142179,0.015694390331321
"1902",0.0484647753812575,0.021246112384571
"1903",0.0364132951429256,0.00900356890279633
"1904",0.0790414739836644,0.0143099781687684
"1905",0.0747742315768951,0.0191315749033623
"1906",0.0499324818760279,0.0100786106163269
"1907",0.221954866642877,0.0342127139374612
"1908",0.232623000695327,0.0228583570234615
"1909",0.0625333074348577,0.0142689948801134
"1910",0.117955442912622,0.00907084283874784
"1911",0.196411733775355,0.0314479155649226
"1912",0.0183601235913403,0.00532184996787682
"1913",0.0365154890452204,0.0118803922941437
"1914",0.0346112964027207,0.00761145488727102
"1915",0.147584139221837,0.00927206143535548
"1916",0.0287982920110483,0.0104616725586458
"1917",0.102746635306735,0.0116483254114582
"1918",0.0554441315635965,0.00685636627385268
"1919",0.0682537245282428,0.0203184669310743
"1920",0.181520743345186,0.0151189256293584
"1921",0.50032005040672,0.0104036969956941
"1922",0.543085725907908,0.0103564219514459
"1923",0.0465752222978399,0.0305288736996394
"1924",0.0521715017158531,0.00819534416280305
"1925",0.443974946366256,0.0235644831358966
"1926",0.0493174927773484,0.005214352968749
"1927",0.0519086255115971,0.0112133516512204
"1928",0.137220174739379,0.0184698398453924
"1929",0.107460632177714,0.0274252943244547
"1930",0.0593699403569851,0.0164229982140298
"1931",0.0493184003032076,0.0130188172651889
"1932",0.0363927377149982,0.00358857227037972
"1933",0.296141989565904,0.0162627019297249
"1934",0.157135131989287,0.0178552507541781
"1935",0.0406946127657418,0.0103719180125973
"1936",0.0953047403030453,0.0155312887640408
"1937",0.170543247955761,0.00201558873633649
"1938",0.24954488875473,0.0285152453639097
"1939",0.115380723967868,0.0261760589127534
"1940",0.0599305977447565,0.0104255753484234
"1941",0.0571309127426884,0.0100474110087245
"1942",0.101459954810408,0.016667516577554
"1943",0.0629721853042762,0.00392495248833757
"1944",0.106752633091598,0.0135879824377296
"1945",0.187516706657828,0.028946169149369
"1946",0.162577164739371,0.0232856082011349
"1947",0.195354764020361,0.0163571922139558
"1948",0.0893678332746081,0.0108292655577823
"1949",0.374098818938212,0.0142333915912776
"1950",0.0572690121217063,0.0120764628648925
"1951",0.163217770220516,0.0137484421869939
"1952",0.0466310154438818,0.00534771299138741
"1953",0.0945660265357055,0.0133053407496907
"1954",0.0694918013349414,0.0260953985032437
"1955",0.147674003290905,0.00955541573578384
"1956",0.725803879482458,0.00522932751144684
"1957",0.0645806465142052,0.00851095336400088
"1958",0.0756145413031667,0.00441582441460835
"1959",0.067449840584457,0.00580223886720711
"1960",0.0658142734387504,0.0269999573188029
"1961",0.133082931464404,0.0273213052904294
"1962",0.0721136245951686,0.00757428233763403
"1963",0.091890798636653,0.0194613829177651
"1964",0.162375743045477,0.012080359466148
"1965",0.62569866211321,0.0222749961583639
"1966",0.0760745942435962,0.0191531026150426
"1967",0.0836683511340442,0.0147694730619269
"1968",0.0572011654966759,0.019950056798453
"1969",0.0625068135176011,0.0025065441905153
"1970",0.0440990100231821,0.0087718093798253
"1971",0.370720025171588,0.0336633645323065
"1972",0.213860646869112,0.0293498085909477
"1973",0.0790359186478438,0.0170922566179574
"1974",0.0352324321076431,0.0147091312918305
"1975",0.0806986387051573,0.0322897062494167
"1976",0.118169564409765,0.0228097558558584
"1977",0.0732304287017266,0.0112491057054936
"1978",0.0643501666979282,0.0193930043872756
"1979",0.0701125224603712,0.0141475014168467
"1980",0.0190029402903615,0.0106545147351128
"1981",0.176902107030572,0.0109264303026165
"1982",0.0738122001355892,0.0103991586235082
"1983",0.0734890594156028,0.0212394473971737
"1984",0.0855670142982194,0.0223392259463285
"1985",0.0791514940895048,0.0113533583595932
"1986",0.106599936650855,0.0178512732335847
"1987",0.0953635368832411,0.00390380562396211
"1988",0.451130899136977,0.0183073700682415
"1989",0.0364860075371727,0.00790520384570526
"1990",0.0505167309124928,0.0132040446562413
"1991",0.0279254964903522,0.00501866024676329
"1992",0.10130744012227,0.010429853091442
"1993",0.0671172509184035,0.0127305556424256
"1994",0.0291428588972522,0.0114497837380023
"1995",0.086246857431895,0.020382860210187
"1996",0.0575216758704039,0.0201936853040873
"1997",0.055403243189902,0.0141071252088824
"1998",0.108955386242789,0.00981741563992805
"1999",0.0970620613666766,0.00283709998337932
"2000",0.0501021873296024,0.0187858478691495
