"","Means_dim0_birth","Means_dim0_death","sd_dim0_birth","sd_dim0_death"
"1",0,0.867140265398247,0,0.118419353040406
"2",0,0.464305726711428,0,0.179611343457899
"3",0,0.379514700293758,0,0.143458682961133
"4",0,0.27271240895346,0,0.128959275245868
"5",0,0.245427827284636,0,0.0850503896233747
"6",0,0.394447387350496,0,0.103590346207794
"7",0,0.51332793299292,0,0.0928327457585833
"8",0,0.264466162306278,0,0.136429110816337
"9",0,0.954104738576072,0,0.246072293013975
"10",0,0.767066202130184,0,0.205641726250697
"11",0,0.21996067296069,0,0.065374537117377
"12",0,0.421947556845236,0,0.166688871504965
"13",0,0.284072389313866,0,0.110295800816195
"14",0,0.875186983579751,0,0.283129701904528
"15",0,0.232763765423893,0,0.0617928495350932
"16",0,0.839355706680016,0,0.307597144613697
"17",0,0.624256852057462,0,0.10102929275949
"18",0,0.451222856040601,0,0.208448974504147
"19",0,1.23751312667045,0,0.232213184223574
"20",0,0.565598291940376,0,0.118576907560707
"21",0,0.63413735176479,0,0.4975104326386
"22",0,0.342421888457081,0,0.0772963042799262
"23",0,0.684302485461443,0,0.154189453485577
"24",0,0.348922746537596,0,0.150242858041876
"25",0,1.06019347173269,0,0.476461341712834
"26",0,0.499823509194703,0,0.315446864103949
"27",0,0.826083661902565,0,0.24084305861857
"28",0,0.524234240893694,0,0.118789775673175
"29",0,0.721205997581039,0,0.204187970090604
"30",0,0.328023271306074,0,0.113440584696159
"31",0,0.416834521814774,0,0.207899088112458
"32",0,0.8568627779919,0,0.339856685789687
"33",0,0.333028135960328,0,0.0914158724207468
"34",0,1.18004200600753,0,0.44503258877085
"35",0,0.4780501241241,0,0.0746162402015483
"36",0,0.581311114363114,0,0.226604044658412
"37",0,0.426513300363809,0,0.168955955466862
"38",0,0.359945856121592,0,0.0928320334119074
"39",0,0.686313165250675,0,0.211377121482773
"40",0,0.440357247119827,0,0.292404297887185
"41",0,1.19621523475462,0,0.282202943107558
"42",0,0.910238385662552,0,0.108507039644145
"43",0,0.499032126586945,0,0.0869443417219004
"44",0,0.366982114933879,0,0.111802973534477
"45",0,0.538119546635441,0,0.258075043801303
"46",0,0.392304876662162,0,0.110518829694083
"47",0,0.481475552869222,0,0.0987958183389674
"48",0,0.842881966212625,0,0.245756546381081
"49",0,0.340230470454251,0,0.121289745445353
"50",0,0.472655632745021,0,0.287135125594637
"51",0,0.257110451454999,0,0.0881872134472937
"52",0,0.836882689700217,0,0.194408537281232
"53",0,0.867707596727149,0,0.349041063877038
"54",0,0.52701673101442,0,0.095990466220167
"55",0,0.466980690133159,0,0.154864954859487
"56",0,0.61884591146245,0,0.257487563874765
"57",0,0.454769554068741,0,0.134572036112436
"58",0,0.301531439392619,0,0.127129756261288
"59",0,0.335927028478164,0,0.254047895323716
"60",0,0.22751483383659,0,0.0785734757651018
"61",0,1.03979943234558,0,0.226240111651266
"62",0,0.517966869112464,0,0.203850118745195
"63",0,1.89503436618381,0,0.000724445538865886
"64",0,0.39448703839045,0,0.160471609799828
"65",0,0.230300761555713,0,0.0722224998360749
"66",0,0.477870816198637,0,0.1844543911316
"67",0,0.475007481833614,0,0.223240207644018
"68",0,0.573728516453602,0,0.207163942608168
"69",0,0.402429069271939,0,0.185943821333868
"70",0,0.64048787728902,0,0.189470397860495
"71",0,0.27451806322292,0,0.0468762178816991
"72",0,0.350163139172156,0,0.104931348644251
"73",0,0.306877060842536,0,0.133406263900096
"74",0,0.343835533170035,0,0.104546324501347
"75",0,0.42415723413609,0,0.0951167735656572
"76",0,0.286963893239724,0,0.104522187687259
"77",0,0.381278360502486,0,0.124561773283795
"78",0,0.519506444642235,0,0.205718501199282
"79",0,0.428087480678367,0,0.119583770912322
"80",0,0.507347816326579,0,0.212935698854036
"81",0,0.664589818627317,0,0.144546329430399
"82",0,0.322387357417134,0,0.0779756305122177
"83",0,0.666814781528301,0,0.212880186311981
"84",0,0.278425469994545,0,0.108838547990808
"85",0,0.906282558032941,0,0.365970204775283
"86",0,0.776108882034639,0,0.168853340091311
"87",0,0.521061285787376,0,0.16076079446519
"88",0,0.305910612200344,0,0.0507758213679519
"89",0,0.726105024932946,0,0.266167203507379
"90",0,0.460867624275237,0,0.149933136628131
"91",0,0.387384736825642,0,0.178479011417247
"92",0,0.805520760840264,0,0.118473258331889
"93",0,0.419585227152037,0,0.140200151671459
"94",0,0.65026913357997,0,0.219255232433713
"95",0,0.239795379150652,0,0.0620935505136161
"96",0,0.672273892821076,0,0.235308389842914
"97",0,0.899914075042497,0,0.251911459553343
"98",0,0.480761365703763,0,0.0989309398135782
"99",0,0.722350482623651,0,0.223946477337009
"100",0,0.631050714269579,0,0.19312530290256
"101",0,0.272210543499024,0,0.0646733727205656
"102",0,0.414201724996115,0,0.180021634330587
"103",0,0.344022500938747,0,0.117094005839545
"104",0,0.46471121171676,0,0.143286100122863
"105",0,0.521611661424619,0,0.113872569660354
"106",0,0.476752038590461,0,0.122439379068508
"107",0,0.733576623968376,0,0.108035843077665
"108",0,0.427614493936789,0,0.0738126031784008
"109",0,0.249145670035661,0,0.174109573700725
"110",0,0.738947851830218,0,0.353573328988928
"111",0,0.20594317482306,0,0.0635979401700033
"112",0,0.316843820535637,0,0.0802461896664827
"113",0,0.400119982949308,0,0.104859957079869
"114",0,0.327154865491803,0,0.126505741781622
"115",0,0.250755734348123,0,0.102555374331329
"116",0,0.741595290479682,0,0.317445658143205
"117",0,0.315518516524676,0,0.136139115252958
"118",0,0.783657796906702,0,0.319989002454344
"119",0,0.388315312930795,0,0.108799570984165
"120",0,0.576983708718652,0,0.110546046622797
"121",0,0.47468455533458,0,0.37353961589449
"122",0,0.654072978237803,0,0.0952841022922716
"123",0,0.265505554517544,0,0.070236337816405
"124",0,0.516947744675456,0,0.402520876730855
"125",0,0.510011343519544,0,0.175055605054352
"126",0,0.301289544057992,0,0.118951796189369
"127",0,0.550809644596838,0,0.462418576903383
"128",0,0.210820938917356,0,0.0365252743830224
"129",0,0.315198854800382,0,0.0935891205104199
"130",0,0.312735019621519,0,0.132215073660062
"131",0,0.418587865209536,0,0.105836324084727
"132",0,0.801207123286954,0,0.443726104242169
"133",0,0.323957224306947,0,0.117515643815705
"134",0,0.695077887188324,0,0.364558641105901
"135",0,0.81586740094338,0,0.253248708926411
"136",0,0.898475566305532,0,0.288164502834609
"137",0,0.611495208924802,0,0.101147852677874
"138",0,0.487863066486823,0,0.19889643909228
"139",0,0.386011701989844,0,0.201938555420054
"140",0,0.601937501048347,0,0.269947648920698
"141",0,0.464907676939026,0,0.10148828348329
"142",0,0.430746552804129,0,0.145483835496044
"143",0,0.36065393691723,0,0.11407326623118
"144",0,0.312857174889637,0,0.0475175946067675
"145",0,0.626440267601769,0,0.202038527563944
"146",0,0.631294618050257,0,0.101455243288789
"147",0,0.930776829304902,0,0.363738445703987
"148",0,0.427213483426466,0,0.157194243524653
"149",0,0.204966830208436,0,0.117508057676946
"150",0,0.689255678450247,0,0.189747176715473
"151",0,0.268905552738568,0,0.148095731098622
"152",0,0.336775772542839,0,0.123942377250137
"153",0,0.484424606889717,0,0.169510064066865
"154",0,0.525058883189721,0,0.203031347881319
"155",0,0.420969610928621,0,0.113414942053057
"156",0,0.552268245423487,0,0.100022661006363
"157",0,0.762299813778023,0,0.357300804768216
"158",0,1.18072735377584,0,0.12860037007778
"159",0,0.352023474354076,0,0.127619468781653
"160",0,0.373911635811103,0,0.217943831479293
"161",0,0.406175913217941,0,0.180325271575018
"162",0,0.318552706030983,0,0.0894474343496839
"163",0,0.337004865724967,0,0.101808950180535
"164",0,0.330975174605304,0,0.116602125814507
"165",0,0.47420158353931,0,0.135913815489161
"166",0,0.57681943071905,0,0.0674449515413505
"167",0,0.251542593883469,0,0.145170993728686
"168",0,0.358284768348183,0,0.0835320282903088
"169",0,0.311012141265197,0,0.0638489722217767
"170",0,0.314939770778995,0,0.109411842007371
"171",0,0.344016016818895,0,0.269878302933167
"172",0,0.628861862073613,0,0.382270766274826
"173",0,0.401111804831006,0,0.125060961763096
"174",0,0.22814394406065,0,0.0958798682955464
"175",0,0.379524818222922,0,0.154479140869433
"176",0,1.72914789897808,0,0.696740043751883
"177",0,0.44007095545183,0,0.184668719099508
"178",0,0.795396962597918,0,0.22805246602184
"179",0,0.381345143545086,0,0.215140192906194
"180",0,0.588134506306796,0,0.107491718812506
"181",0,0.696610501186747,0,0.170198259655013
"182",0,0.35901024596993,0,0.340316006242271
"183",0,0.542165366406866,0,0.301257840907656
"184",0,0.977499438816285,0,0.298367050434551
"185",0,0.539268256808022,0,0.112158550701621
"186",0,0.236856987444657,0,0.0439055729723187
"187",0,0.3381914821013,0,0.101292562967708
"188",0,0.215574642904578,0,0.0915147838493873
"189",0,0.556638333917588,0,0.16641093749661
"190",0,0.828725345049124,0,0.265717456876088
"191",0,1.19988233487583,0,0.191306290002397
"192",0,0.352845470230263,0,0.0839174296511457
"193",0,0.268136422036178,0,0.112205686283988
"194",0,0.841075369174564,0,0.298982274703797
"195",0,0.535133218178984,0,0.270147053103352
"196",0,0.440212441907896,0,0.134536154713412
"197",0,0.39147701880315,0,0.153213261158808
"198",0,0.45559208362426,0,0.178621083363415
"199",0,0.627540182938098,0,0.211374484868337
"200",0,0.49280119737684,0,0.109814840184277
"201",0,0.916757269038094,0,0.293294363633161
"202",0,0.347078222638922,0,0.111684212833525
"203",0,0.735890374239025,0,0.311190049726832
"204",0,0.35555761124267,0,0.0533082895231671
"205",0,0.291711425030982,0,0.0983067620979086
"206",0,0.678526895185203,0,0.255367530917468
"207",0,0.377954670965997,0,0.111366785912
"208",0,0.483333312151428,0,0.184464000089857
"209",0,0.62124956086062,0,0.0512325791075038
"210",0,0.959189961152025,0,0.4091470844612
"211",0,0.618022417917161,0,0.253247954974445
"212",0,0.369394456183976,0,0.134828153865063
"213",0,0.874517328209347,0,0.127926775806404
"214",0,0.806250816438256,0,0.247899165121761
"215",0,0.424500783284505,0,0.263807069605986
"216",0,0.615633256015289,0,0.232808976840232
"217",0,0.377109891224852,0,0.144259004048756
"218",0,0.248674052660582,0,0.0373456746017995
"219",0,0.788584480266193,0,0.106062428219388
"220",0,0.764508113645031,0,0.184149425149157
"221",0,0.734503089120148,0,0.238434100664882
"222",0,0.609157193771043,0,0.0868597007713951
"223",0,0.720892216691337,0,0.272494232236663
"224",0,0.538381737003778,0,0.228183848910214
"225",0,0.461246660851173,0,0.33062389477278
"226",0,0.528150390237974,0,0.161979619645076
"227",0,0.367476608366697,0,0.103760810738454
"228",0,1.59355053636763,0,0.00681062399861688
"229",0,0.406508771068194,0,0.157889516835543
"230",0,0.371183048343398,0,0.0923586629895965
"231",0,0.646972289665149,0,0.208937872092732
"232",0,0.261674059449758,0,0.103761041919045
"233",0,0.648808992164998,0,0.198370923583104
"234",0,0.317218200308703,0,0.133919179387652
"235",0,0.861813717338455,0,0.204334708355455
"236",0,0.478593596844997,0,0.126006185213688
"237",0,0.584693635897662,0,0.0482865905360836
"238",0,0.205175769513165,0,0.072633966098189
"239",0,0.467422604316571,0,0.117053910720948
"240",0,0.507443800432869,0,0.107933907656225
"241",0,0.790200668352622,0,0.128816203741687
"242",0,0.788299874626389,0,0.150789311153821
"243",0,1.10614170428233,0,0.484729429705321
"244",0,0.36838565640664,0,0.20897874047749
"245",0,0.830640153592849,0,0.298534276728902
"246",0,0.357676005157182,0,0.151499142181445
"247",0,0.216032978733868,0,0.0827964366429675
"248",0,1.06131668943418,0,1.87308806726124
"249",0,0.667072999401388,0,0.114127448103168
"250",0,0.546401618987091,0,0.0563054533171026
"251",0,0.996338888704234,0,0.259631074106076
"252",0,0.30391656877456,0,0.103053499616772
"253",0,0.391657874341002,0,0.15018501363188
"254",0,0.358474276919183,0,0.155145545336371
"255",0,0.514220130096361,0,0.191772992518743
"256",0,0.330654433579898,0,0.133749590179322
"257",0,0.538299100554508,0,0.05603945088815
"258",0,0.327815058859971,0,0.0649584057506078
"259",0,0.53515451079835,0,0.244753501806477
"260",0,0.257132011223143,0,0.0950531625208135
"261",0,0.561432829048681,0,0.158679381784696
"262",0,1.39047567049662,0,0.000918720207675967
"263",0,0.341155956894539,0,0.121707669330029
"264",0,0.367743275193281,0,0.0483387956115934
"265",0,0.236986743350715,0,0.0950269533080968
"266",0,0.31412181697908,0,0.0865730656099328
"267",0,0.885887897291849,0,0.110186553607336
"268",0,0.294417172860361,0,0.177001906954668
"269",0,0.214667280705032,0,0.107192466411011
"270",0,0.509901352973149,0,0.0907413198712804
"271",0,0.245135852412231,0,0.184377654046542
"272",0,0.408988910362477,0,0.126844076398987
"273",0,0.177218107410724,0,0.0569364395805134
"274",0,0.167887013263064,0,0.0879865113131298
"275",0,0.826339316108952,0,0.161414129132155
"276",0,0.337766634853377,0,0.142034539697841
"277",0,0.39837154607117,0,0.0740983721481152
"278",0,0.403366628061815,0,0.0340660771524932
"279",0,0.491421139532036,0,0.181646441946163
"280",0,0.444028161723974,0,0.134817851436687
"281",0,0.384146242324253,0,0.119782652781587
"282",0,0.143629875936578,0,0.0455129289750097
"283",0,0.262872310066918,0,0.0395892877028648
"284",0,1.22382934532837,0,0.269843663451601
"285",0,0.606183605495915,0,0.220698881107218
"286",0,0.326713611193693,0,0.0896940804182854
"287",0,0.807688297441035,0,0.415476342239004
"288",0,0.753600962018187,0,0.177766406494839
"289",0,0.707029350208602,0,0.21798241156423
"290",0,0.355818972534386,0,0.0843013654573902
"291",0,0.424542502861036,0,0.115136944176769
"292",0,1.27080214949487,0,0.159958878128304
"293",0,0.403921331728525,0,0.111859142163767
"294",0,0.594866510427315,0,0.120455966885321
"295",0,0.899758166411318,0,0.217573827426459
"296",0,0.843296870480687,0,0.281637006835306
"297",0,0.212125738468598,0,0.0742895488182961
"298",0,0.502985586505553,0,0.153334005711898
"299",0,0.537219935210459,0,0.193091444134315
"300",0,0.817764406972896,0,0.227088237799775
"301",0,0.614883320931963,0,0.403006113552185
"302",0,1.69744870109835,0,0.0940757793699042
"303",0,0.722227096315322,0,0.269771346058661
"304",0,0.49881787872271,0,0.250387477927986
"305",0,0.241664456593751,0,0.0519793668526646
"306",0,0.238739928044039,0,0.0526311103225616
"307",0,0.722947642614281,0,0.327699959292174
"308",0,0.638816146305567,0,0.183614888387241
"309",0,0.233014672736761,0,0.102029042990533
"310",0,0.382539242627918,0,0.127319171122491
"311",0,0.683859065898414,0,0.169629429750858
"312",0,1.0615315440574,0,0.422727437970707
"313",0,0.786311974888074,0,0.180961612199091
"314",0,0.655832788603336,0,0.270514909141818
"315",0,0.401435115980724,0,0.191519720554509
"316",0,0.725260398526123,0,0.141213769321733
"317",0,0.911371861816083,0,0.260118415335266
"318",0,0.522673396206958,0,0.130290360438107
"319",0,0.38082927753148,0,0.152553583148853
"320",0,0.361122457354664,0,0.245235537136289
"321",0,0.458619962407374,0,0.156590790560325
"322",0,0.491044292603034,0,0.124681054236845
"323",0,0.300542899141112,0,0.0565061231089984
"324",0,0.359414259660548,0,0.201814903577978
"325",0,0.882432180038397,0,0.326780255323351
"326",0,0.776800333096464,0,0.318026382457021
"327",0,0.528869300684558,0,0.0957669397667794
"328",0,1.00551884070687,0,0.0984751483021302
"329",0,0.318464571470988,0,0.0812095827491228
"330",0,0.514796835802943,0,0.243517189196823
"331",0,0.488339486832176,0,0.389350633176813
"332",0,0.452641238660326,0,0.0983943683501795
"333",0,0.73751715188304,0,0.228329434185036
"334",0,0.95423066489911,0,0.415533277234112
"335",0,0.570676830725941,0,0.284270371677775
"336",0,0.527517006031911,0,0.271679896221245
"337",0,0.664102684619815,0,0.245809660386965
"338",0,0.542647999692633,0,0.259998907380211
"339",0,0.468557768286128,0,0.140809112075841
"340",0,0.979788657075675,0,0.241313955213604
"341",0,0.271452520660147,0,0.132280988236493
"342",0,0.211161681105128,0,0.0671015960251017
"343",0,0.546272544125824,0,0.34323140580433
"344",0,0.485811843789557,0,0.17480362303042
"345",0,0.400790443511609,0,0.159606576460286
"346",0,0.504298566794786,0,0.111194604207943
"347",0,0.590512210703396,0,0.262101273043853
"348",0,0.737249948266076,0,0.375906402713619
"349",0,0.444347335829761,0,0.168618739876841
"350",0,1.11942645518676,0,0.148828089476764
"351",0,0.778977063282457,0,0.163676247238344
"352",0,0.626875219557889,0,0.175852358878769
"353",0,0.716647053521777,0,0.150665352692378
"354",0,0.241317879998944,0,0.0997957926251678
"355",0,0.453729066502418,0,0.111912880138522
"356",0,0.278731022525463,0,0.147536257087642
"357",0,0.671502808729807,0,0.00899931202957149
"358",0,0.383770007063348,0,0.12389109021464
"359",0,0.502873171548374,0,0.210397088670864
"360",0,0.345670013751271,0,0.148976911194173
"361",0,0.370884701725124,0,0.0829797826991288
"362",0,0.534924269984008,0,0.212675417527388
"363",0,0.249875973794738,0,0.222528341065968
"364",0,0.279039793720771,0,0.0738193668983331
"365",0,0.672733197136531,0,0.0810494082261867
"366",0,0.394379434608371,0,0.13974068709706
"367",0,0.876651359820409,0,0.320908569904535
"368",0,0.402884426419852,0,0.121236580525429
"369",0,0.362579672605831,0,0.187562680727535
"370",0,0.706872763583786,0,0.248030178893758
"371",0,0.426468854957773,0,0.156249147978713
"372",0,0.60149071206812,0,0.18781059958658
"373",0,1.2841200928979,0,0.290865657289353
"374",0,0.493090701613487,0,0.108978762332503
"375",0,0.678535510716325,0,0.158125598512118
"376",0,0.699875227042607,0,0.233780104739895
"377",0,0.624100696329428,0,0.337246596027986
"378",0,0.357444589065289,0,0.0785665916234277
"379",0,0.472039520740509,0,0.239684570649524
"380",0,0.204117596438935,0,0.0363016248900353
"381",0,0.556482018899505,0,0.185026079304642
"382",0,0.652683246386476,0,0.237202857915649
"383",0,0.453099140296868,0,0.144291354972217
"384",0,1.18127301404643,0,0.297319018159536
"385",0,0.504227512073321,0,0.244002465308098
"386",0,0.4045692345158,0,0.177079309986992
"387",0,0.490935147479024,0,0.100727181135069
"388",0,0.750107633177266,0,0.159779691125558
"389",0,0.603165438212115,0,0.110223775268735
"390",0,0.52341620974202,0,0.226945774364068
"391",0,0.51866923099062,0,0.128709857327176
"392",0,0.462280055823548,0,0.210188958221298
"393",0,0.77042997316105,0,0.26764355372635
"394",0,0.158976454973112,0,0.0564446976125174
"395",0,0.315544517883838,0,0.117002533307666
"396",0,0.516623908324754,0,0.12036930872753
"397",0,0.319875191686801,0,0.0771406421240564
"398",0,0.414798647165298,0,0.105254393695348
"399",0,0.321786781426344,0,0.132486687511157
"400",0,0.919530721030373,0,0.433018025818881
"401",0,0.474634318865279,0,0.16831924728605
"402",0,1.01648285721679,0,0.185830440324068
"403",0,0.483429912525231,0,0.198846690923512
"404",0,0.820872078827822,0,0.262380035595664
"405",0,0.491456238679515,0,0.146439769164074
"406",0,0.749755322118926,0,0.278997027129838
"407",0,0.83085030002455,0,0.277720289391905
"408",0,0.590209348279922,0,0.133511815903096
"409",0,0.523432060955017,0,0.117735029304695
"410",0,0.257887487854463,0,0.0698648189202115
"411",0,0.479628865700385,0,0.172943136643676
"412",0,0.604406456751038,0,0.204322729136456
"413",0,0.684369726155801,0,0.135874766442915
"414",0,0.427643078218175,0,0.108394651204826
"415",0,1.08412081980314,0,0.399815005963161
"416",0,1.42990450884985,0,0.159710357740221
"417",0,0.654877102494457,0,0.151078717102418
"418",0,0.559909956906337,0,0.260591362503397
"419",0,0.2439657465872,0,0.0854014818501833
"420",0,0.303188419006915,0,0.0955250967392325
"421",0,0.550423159489649,0,0.145106706444279
"422",0,0.204276428128744,0,0.0782146865329458
"423",0,0.678896677624332,0,0.287682591256743
"424",0,0.739061164888528,0,0.119674620260192
"425",0,0.548149295789079,0,0.264185492932064
"426",0,0.358955584860668,0,0.128727858056405
"427",0,0.298138071635202,0,0.0741758875864993
"428",0,0.781354488519134,0,0.128889712536523
"429",0,0.328880382827288,0,0.176849899552742
"430",0,0.624521644000547,0,0.13659083556129
"431",0,0.39772008345861,0,0.218047087198598
"432",0,0.462924663784943,0,0.219190431567416
"433",0,0.365348058971551,0,0.120828834588829
"434",0,0.26524576851669,0,0.140182740402921
"435",0,0.394045222516703,0,0.2027591263509
"436",0,0.371314700672535,0,0.0995599091383813
"437",0,0.602085309748125,0,0.157965940630611
"438",0,0.403704525125917,0,0.181186972112554
"439",0,0.455893576491711,0,0.311938033328764
"440",0,1.21864731628821,0,0.255807814739667
"441",0,0.52716302526996,0,0.193635502905806
"442",0,0.234199300825179,0,0.0916476116987604
"443",0,1.75633877007536,0,0.161680771395749
"444",0,0.278408550825275,0,0.0931100105654765
"445",0,0.497546002105937,0,0.138840976763863
"446",0,0.200952635735328,0,0.0842928293726615
"447",0,0.279968998756239,0,0.133007074939017
"448",0,0.856412878071052,0,0.462873880960777
"449",0,0.230002184206779,0,0.0851377209423664
"450",0,0.58197067452693,0,0.255317389361383
"451",0,0.507396308070758,0,0.107498250965179
"452",0,0.329734872622662,0,0.0921521712051697
"453",0,0.310758742994081,0,0.122963061622958
"454",0,0.473335415680647,0,0.189791313476734
"455",0,0.557369726006016,0,0.106296571312704
"456",0,0.373052217785561,0,0.179690868937456
"457",0,0.303138021093148,0,0.0646900593717768
"458",0,0.46517684348674,0,0.216951782991019
"459",0,0.441284772343736,0,0.368937117355492
"460",0,1.00725086773831,0,0.390715151894752
"461",0,0.431950935927679,0,0.135441161372004
"462",0,0.522558606360345,0,0.161700212421965
"463",0,0.805178355295341,0,0.181215765104489
"464",0,0.806294005699259,0,0.35831357280065
"465",0,0.176132398197777,0,0.0406427529222794
"466",0,0.285991490362229,0,0.130995495935037
"467",0,0.874625567212162,0,0.198839614897277
"468",0,0.331000270535711,0,0.239012411949242
"469",0,0.445721846127856,0,0.0486565793355682
"470",0,0.287444758597076,0,0.134758294221652
"471",0,0.366899415497789,0,0.123730522369602
"472",0,1.28406893744949,0,0.107515156335607
"473",0,0.583368785390558,0,0.166127029133542
"474",0,0.571527171826017,0,0.0798466987899915
"475",0,0.559932424120171,0,0.327293804608669
"476",0,0.797292003739613,0,0.150519304600048
"477",0,0.403258925442921,0,0.203262967918175
"478",0,0.345936240557113,0,0.0803655923441559
"479",0,0.366758938644316,0,0.0953364293714713
"480",0,1.02766904211784,0,0.083802869402361
"481",0,0.530339608236957,0,0.1151383773209
"482",0,0.780848891236061,0,0.533299143582409
"483",0,0.52269547382026,0,0.318503451692501
"484",0,0.85688653199569,0,0.367954252474253
"485",0,0.326292757561435,0,0.0695180556587403
"486",0,0.680964904133305,0,0.112088982867429
"487",0,0.763411402009254,0,0.440819961534174
"488",0,0.191361063015808,0,0.0547558954186029
"489",0,0.847999298099772,0,0.463448430609356
"490",0,0.213251319603625,0,0.0839572039759099
"491",0,0.193952606919685,0,0.087640263622523
"492",0,1.02332380555925,0,0.349072704033984
"493",0,0.246370537603488,0,0.10172102601339
"494",0,0.304322532224424,0,0.09759851969485
"495",0,0.598013969989857,0,0.13407925567736
"496",0,0.724563990113805,0,0.241024506894376
"497",0,0.33791550691728,0,0.149727377248912
"498",0,0.31704679212935,0,0.080795905887661
"499",0,0.427566849007415,0,0.40841674669421
"500",0,0.462687498206215,0,0.107394949762688
"501",0,1.25311011675174,0,0.420811256442844
"502",0,0.598968925310184,0,0.132975856852508
"503",0,0.891245711099472,0,0.444737408177542
"504",0,0.495499429644131,0,0.167307858658787
"505",0,0.733232649406232,0,0.17678032268425
"506",0,0.429690750982376,0,0.102097173126614
"507",0,0.403892764112554,0,0.159503911270353
"508",0,0.600654516603563,0,0.152450664795595
"509",0,0.487809136428468,0,0.143986345443076
"510",0,0.354935935937642,0,0.191325749326376
"511",0,1.03868146067442,0,0.291236736820806
"512",0,0.351605554910305,0,0.101943448776522
"513",0,0.254246401167958,0,0.10470935123355
"514",0,1.03813498089279,0,0.304410575181973
"515",0,0.650114188471951,0,0.129709553917782
"516",0,1.2346577945962,0,0.749882005321458
"517",0,0.387153458942698,0,0.177542028954186
"518",0,0.383242035688381,0,0.134120042563418
"519",0,0.31904576132532,0,0.120393153788857
"520",0,0.29869008247481,0,0.147610639796122
"521",0,0.363223206720066,0,0.0786536023796702
"522",0,0.429102676488011,0,0.12021711943535
"523",0,0.180074272253203,0,0.0953655157164786
"524",0,0.3913267098722,0,0.0648763430903484
"525",0,0.469099511784283,0,0.185093889884504
"526",0,0.29172402975682,0,0.10353860768233
"527",0,0.349405847340551,0,0.11407560391306
"528",0,0.322800690277678,0,0.106882244934688
"529",0,0.458671175613605,0,0.191797104498248
"530",0,0.485888922050547,0,0.171559169992646
"531",0,0.658634735559722,0,0.132976465043256
"532",0,0.211858773899209,0,0.0898886997431365
"533",0,0.537370747901668,0,0.268459558634873
"534",0,0.345121897037781,0,0.12238269345858
"535",0,0.153141945519083,0,0.0312166581478552
"536",0,0.863878837072227,0,0.157024183765918
"537",0,0.3841599492536,0,0.143305703908608
"538",0,0.567402615063432,0,0.0922619852013136
"539",0,0.305996169616659,0,0.0906245945204739
"540",0,0.452831122408391,0,0.203463044696603
"541",0,1.21888216163801,0,0.134613777791126
"542",0,0.148911843514019,0,0.0823191154603176
"543",0,0.167340554208758,0,0.0771269724097028
"544",0,0.972860889980592,0,0.294773674294041
"545",0,0.336719303698922,0,0.123725883245036
"546",0,0.802009317609999,0,0.0021646325766415
"547",0,0.377696792610356,0,0.10964230099953
"548",0,0.64117996827555,0,0.231487436884638
"549",0,0.386870879545269,0,0.0637021742046933
"550",0,0.310369951083903,0,0.149039999367738
"551",0,0.223419507968838,0,0.0675089621512492
"552",0,0.726537358160167,0,0.200538591696094
"553",0,0.358381737722508,0,0.11299364454497
"554",0,0.899262608825297,0,0.175960074974637
"555",0,0.342320699835084,0,0.099090302721257
"556",0,0.205591917187247,0,0.0374512330156574
"557",0,0.527667034825523,0,0.166041705273745
"558",0,1.42055519699126,0,0.266566134979732
"559",0,0.654442943076184,0,0.197766685798049
"560",0,0.340922706648949,0,0.156594394997013
"561",0,0.560133428684349,0,0.153760049756415
"562",0,0.348049065128702,0,0.1592477796633
"563",0,0.474926831731835,0,0.142748308089887
"564",0,1.79537533136903,0,0.277388400363844
"565",0,0.31167670764124,0,0.153965832866966
"566",0,0.764579319644495,0,0.505471480639769
"567",0,0.885422942712325,0,0.185188869437122
"568",0,0.598107482942324,0,0.380303328817584
"569",0,0.783308496560094,0,0.116047386275489
"570",0,0.422151631433783,0,0.126915341627357
"571",0,0.321565206883601,0,0.150843442461946
"572",0,1.06715348433493,0,0.180107404958437
"573",0,0.231042185414901,0,0.0290457785322367
"574",0,0.229818053122861,0,0.100391900474017
"575",0,0.565138326262299,0,0.0545638737095803
"576",0,0.274661952436296,0,0.0717895831996356
"577",0,0.274332977017093,0,0.1184822624847
"578",0,0.686131147007463,0,0.230421805138135
"579",0,0.504373712834982,0,0.195013653677645
"580",0,0.346639115058008,0,0.119146614336245
"581",0,0.217551422561561,0,0.064151818738914
"582",0,1.0386122812039,0,0.290628000871293
"583",0,0.398401737701697,0,0.129102476085047
"584",0,0.545361502881928,0,0.439460529934009
"585",0,0.477699407571435,0,0.118434732289336
"586",0,0.635143255058316,0,0.380478041111993
"587",0,0.298657889045327,0,0.143818553994308
"588",0,0.338502730210344,0,0.114938178452606
"589",0,0.39385091715606,0,0.120278038663612
"590",0,0.79253656836481,0,0.567340286352437
"591",0,0.193714987025181,0,0.053109214744425
"592",0,0.470819923341383,0,0.0610989162578686
"593",0,0.437282677800138,0,0.131401521099706
"594",0,0.764381953737341,0,0.196739138066912
"595",0,0.68033210529383,0,0.42188273461975
"596",0,0.303555563865789,0,0.135760876932318
"597",0,0.417545311123013,0,0.118987620280404
"598",0,0.361440710085554,0,0.181574892082844
"599",0,0.437739128029969,0,0.165379692220422
"600",0,0.274557854667266,0,0.103364782342419
"601",0,0.528869149076891,0,0.195456048256187
"602",0,0.508971720933914,0,0.124238111042929
"603",0,0.553539133590201,0,0.197753828095623
"604",0,0.553290284781092,0,0.164364529366219
"605",0,0.845409180622935,0,0.164657957467215
"606",0,0.920441276805345,0,0.220450741809247
"607",0,0.450316493438458,0,0.133638118481833
"608",0,0.28749602096654,0,0.120859894861851
"609",0,0.847447022735833,0,0.226889694071948
"610",0,0.254384390019111,0,0.0399892033785297
"611",0,0.790056629204793,0,0.172008725135633
"612",0,0.630868030267552,0,0.18917766932264
"613",0,1.11183021797074,0,0.252447572321701
"614",0,0.33230266748556,0,0.084219662251764
"615",0,0.859397388886714,0,0.126373306583808
"616",0,0.305129518135659,0,0.177404986236369
"617",0,1.20187586730765,0,0.167159638571864
"618",0,0.60593680453865,0,0.421450180206681
"619",0,0.402369815361532,0,0.157353279701821
"620",0,0.520594987278645,0,0.135319709812471
"621",0,0.411093615967294,0,0.0648153036746381
"622",0,0.590284172310887,0,0.104445454170924
"623",0,0.215767316221648,0,0.0584696163964147
"624",0,0.272377239170405,0,0.0723527346413159
"625",0,0.477019839591579,0,0.0839844422538811
"626",0,0.377457804530045,0,0.148369769899733
"627",0,0.435619447943509,0,0.103979329796757
"628",0,1.27575884988068,0,0.1249790753904
"629",0,0.340380323226335,0,0.148318027093454
"630",0,0.468303280971545,0,0.164547135514433
"631",0,0.540694701372,0,0.130388011252819
"632",0,0.386583101418283,0,0.120014512442554
"633",0,0.806849600273968,0,0.240282572107213
"634",0,1.08161497531935,0,0.141741395884859
"635",0,0.464455229129284,0,0.122070242707527
"636",0,0.573292075945086,0,0.160756250959346
"637",0,0.848229661799859,0,0.386570417219451
"638",0,0.734217143015349,0,0.557701930061073
"639",0,0.419091346118945,0,0.146887104656021
"640",0,0.571659828768619,0,0.189178942437479
"641",0,0.544689286553543,0,0.241157938043161
"642",0,0.442716646769876,0,0.13370053822402
"643",0,0.621544554588478,0,0.248607750711675
"644",0,0.700422985398251,0,0.249510349077177
"645",0,0.468669554082359,0,0.186103430310485
"646",0,0.418971609358145,0,0.0862379484959119
"647",0,0.263330846577069,0,0.12495792002025
"648",0,0.524676396750687,0,0.228045649810397
"649",0,0.297519727984956,0,0.0964093237757757
"650",0,0.441699458737408,0,0.25388189609331
"651",0,0.943261287199757,0,0.112946865126709
"652",0,0.176379673006539,0,0.106405314213283
"653",0,0.621956245061044,0,0.228713747322246
"654",0,0.635956018274716,0,0.0759439603046559
"655",0,0.855426671650025,0,0.207461252437853
"656",0,0.963938006069274,0,0.188392885073473
"657",0,1.74237276780084,0,0.711281125717084
"658",0,0.453488103587265,0,0.154282304393192
"659",0,0.864401647604134,0,0.220162479327019
"660",0,0.300615066984746,0,0.101831515449094
"661",0,0.498113664013006,0,0.158699693001245
"662",0,0.473121257795804,0,0.107016846754416
"663",0,0.687610331128855,0,0.314789843578001
"664",0,0.660826248653007,0,0.222347788853098
"665",0,0.322926662903014,0,0.0541767431954204
"666",0,0.634790765156914,0,0.134066291817281
"667",0,0.624912507690711,0,0.250374779120025
"668",0,0.560355499685353,0,0.2794419323351
"669",0,0.1231574440453,0,0.0411481864739376
"670",0,0.529465242572453,0,0.0780925410530175
"671",0,0.331942995172164,0,0.103045537184751
"672",0,0.510011343519544,0,0.175055605054352
"673",0,0.483441131541049,0,0.103437239882368
"674",0,0.348871452207991,0,0.184154906969898
"675",0,0.199985575969102,0,0.0322401009182175
"676",0,0.155085786098177,0,0.0596700782841706
"677",0,0.464418109518425,0,0.142541017297307
"678",0,0.544253242536656,0,0.209636378796471
"679",0,0.476840478027523,0,0.12393367113052
"680",0,0.431575873917569,0,0.156023826449189
"681",0,0.552989967285641,0,0.231083335202356
"682",0,0.690110870777801,0,0.134253285758712
"683",0,0.662749670116777,0,0.241387079775525
"684",0,0.536377593055126,0,0.168642493644445
"685",0,0.259322720733761,0,0.0520276402494928
"686",0,0.708412938104953,0,0.275631575077366
"687",0,0.191151535209737,0,0.0731158430052808
"688",0,0.382951186030072,0,0.0815275547193113
"689",0,0.583511564568264,0,0.154333722717441
"690",0,0.640558613074065,0,0.137345334624952
"691",0,0.781086894169531,0,0.197237549298237
"692",0,0.601326525655542,0,0.322022323837651
"693",0,0.470419569039388,0,0.116290821090878
"694",0,0.427407179116009,0,0.195600005535214
"695",0,0.424560076117733,0,0.170237104178803
"696",0,0.439096917898711,0,0.163187994392559
"697",0,0.329953992410219,0,0.129968447967105
"698",0,0.414920708549291,0,0.138875490820436
"699",0,0.291399737764503,0,0.0752336594425915
"700",0,0.380321381262029,0,0.196721357679004
"701",0,0.863683238747098,0,0.290416996937006
"702",0,0.379660136875559,0,0.0859683098052974
"703",0,0.301835843204149,0,0.111104762401201
"704",0,0.575471406241497,0,0.263605730691349
"705",0,0.388217745867909,0,0.137309736682449
"706",0,0.417629340744537,0,0.123236357117677
"707",0,0.50136203346429,0,0.248565290305781
"708",0,0.624017894295178,0,0.253767277687494
"709",0,0.62248932746236,0,0.197718747669516
"710",0,0.335167837715832,0,0.119684991410793
"711",0,0.399426219893284,0,0.113902941250641
"712",0,0.248093942326166,0,0.0637891188356409
"713",0,0.30146747290111,0,0.073967985459474
"714",0,0.36256191468304,0,0.0902801179193966
"715",0,0.643778544858219,0,0.125798773767398
"716",0,0.856942070529326,0,1.74530404047378
"717",0,1.08006020956055,0,0.379951226017656
"718",0,0.473724978570513,0,0.164852496195645
"719",0,0.497025576499859,0,0.184833318234237
"720",0,0.308066169176597,0,0.105871566658157
"721",0,0.633049993811409,0,0.265065336712888
"722",0,0.527820163187169,0,0.139010809282837
"723",0,0.531598213646147,0,0.1131270391282
"724",0,0.390576607705465,0,0.15532558065012
"725",0,0.530969906862968,0,0.197044161192779
"726",0,0.657829573245648,0,0.323251117621094
"727",0,0.872935998092694,0,0.14851746534968
"728",0,0.238280714453895,0,0.0457136081339354
"729",0,1.03697398368013,0,0.380989850836979
"730",0,0.865931717683952,0,0.137167830426193
"731",0,0.826991930663825,0,0.225609484077396
"732",0,0.403416229184642,0,0.168213425958686
"733",0,1.3511045770567,0,0.268310867529934
"734",0,0.224204819018398,0,0.100692976080302
"735",0,0.545173944934966,0,0.228635239520831
"736",0,0.442337293109279,0,0.187531594398879
"737",0,0.42895333502842,0,0.144564370823376
"738",0,0.737370223037956,0,0.105397945099159
"739",0,0.767031643479387,0,0.136247432542019
"740",0,0.678169464315873,0,0.271714090506878
"741",0,0.599252570685142,0,0.169671282241186
"742",0,0.420900181465136,0,0.283541931148729
"743",0,0.614008572040794,0,0.2249277236189
"744",0,0.506060075932655,0,0.0844629235990113
"745",0,0.341097733470694,0,0.12529284584192
"746",0,1.15348341916371,0,0.294168462794706
"747",0,0.440000148744531,0,0.0811673950496031
"748",0,0.518798066537237,0,0.17022954666454
"749",0,0.378123451458406,0,0.0881106038780991
"750",0,0.262194375034238,0,0.0661748733321252
"751",0,0.515030593996546,0,0.199492343169753
"752",0,0.478030613351209,0,0.154231854225068
"753",0,0.534668289844239,0,0.0983960390979425
"754",0,0.220703054646977,0,0.120557295162412
"755",0,0.473425693928249,0,0.0730723344892765
"756",0,0.255263144852685,0,0.0676799724048886
"757",0,0.457049227694562,0,0.138611823204149
"758",0,0.226811703817006,0,0.0501408899020589
"759",0,0.391168986273006,0,0.0940671770031523
"760",0,0.624957146073775,0,0.361632952653737
"761",0,0.884732710408547,0,0.29072088337567
"762",0,0.789777901279863,0,0.2136178270164
"763",0,0.567530768505041,0,0.0969583674581243
"764",0,0.487017826467264,0,0.084298565099378
"765",0,0.200233597478037,0,0.0609360242641729
"766",0,0.886498493279598,0,0.247223167415654
"767",0,0.7548955463297,0,0.172341844402436
"768",0,0.381193817186808,0,0.116091239886278
"769",0,0.985084169756168,0,0.220848635010099
"770",0,0.260971612034057,0,0.0750375190581131
"771",0,0.503676678327155,0,0.197303289098038
"772",0,0.310780279840494,0,0.0909003428391348
"773",0,0.431622079519368,0,0.107600030440457
"774",0,1.00866612884299,0,0.242712568201306
"775",0,0.313880405831532,0,0.114345981375343
"776",0,0.736406872344147,0,0.202914025242979
"777",0,0.649804881524519,0,0.343703160842085
"778",0,0.337487313905101,0,0.195193232222324
"779",0,0.507429087422585,0,0.509770601704779
"780",0,0.944175342240008,0,0.138446212519577
"781",0,0.867781014546104,0,0.108161158138237
"782",0,0.580393923789209,0,0.116486311418448
"783",0,0.39902349537341,0,0.181605526210482
"784",0,0.611205136799908,0,0.18378422067929
"785",0,0.362548523236743,0,0.187212686940951
"786",0,0.691281996843811,0,0.158838504332293
"787",0,1.12536903441806,0,0.202562228356763
"788",0,0.913552295850463,0,0.271087811506598
"789",0,0.333740474426107,0,0.146498690612262
"790",0,0.725095148707671,0,0.305081343834075
"791",0,0.367355805955732,0,0.113403106851949
"792",0,0.450675117323525,0,0.17788144933852
"793",0,0.260057961951622,0,0.0824934665516234
"794",0,0.65861595402319,0,0.207704824565307
"795",0,0.47818268943222,0,0.256074719750042
"796",0,0.261824328214853,0,0.155314436123516
"797",0,0.787402105244565,0,0.282574687034781
"798",0,0.209991173286038,0,0.0593847145845357
"799",0,0.246339125281104,0,0.119646524266223
"800",0,0.268380547902515,0,0.106543323127686
"801",0,0.478442942506576,0,0.163369017382032
"802",0,0.251544702899912,0,0.0787540989621529
"803",0,0.317530938293547,0,0.114378722726733
"804",0,0.847710792639459,0,0.174693329542494
"805",0,0.623322619192571,0,0.392263179119109
"806",0,0.292453265662402,0,0.0721677134
"807",0,0.51001736122728,0,0.148918910050534
"808",0,1.43658339234225,0,0.488950896234729
"809",0,0.758042353170889,0,0.20366951731716
"810",0,0.575751514538475,0,0.133225941389663
"811",0,0.300944699195022,0,0.195597529267692
"812",0,0.232680951881278,0,0.09673954397516
"813",0,0.216585047529478,0,0.03124428198357
"814",0,0.545689802869226,0,0.287712814716903
"815",0,0.564844558337781,0,0.229956497843858
"816",0,0.367195824917765,0,0.0930297122446518
"817",0,0.542351379930734,0,0.29912481804977
"818",0,0.747025857694813,0,0.211472359402058
"819",0,0.436198236872849,0,0.132683276420956
"820",0,0.269914847905519,0,0.133697139845501
"821",0,0.24593907768354,0,0.0893456894891155
"822",0,0.553743983125638,0,0.209932784712647
"823",0,1.01712890221773,0,0.157749625075745
"824",0,0.705082537876804,0,0.244431459123056
"825",0,0.399848707386705,0,0.213269448968714
"826",0,0.656070902366047,0,0.385986964113289
"827",0,0.697538293585968,0,0.271941309852086
"828",0,0.390490856788415,0,0.0852598436210052
"829",0,0.326610861200235,0,0.160567603396403
"830",0,0.743724048041217,0,0.380535583395542
"831",0,0.376407003719626,0,0.089517585356781
"832",0,1.19872437186481,0,0.433373417272185
"833",0,0.744653721409322,0,0.147634259730696
"834",0,0.463498320654442,0,0.191469593865475
"835",0,1.09105816152361,0,0.00219788518874218
"836",0,0.568072031430208,0,0.234584620495152
"837",0,0.563492062611875,0,0.205307125452189
"838",0,0.459602087578446,0,0.132069053403959
"839",0,0.330991226056265,0,0.0945213505122248
"840",0,0.591693406021046,0,0.120500779479052
"841",0,0.542472076163721,0,0.0581236554968284
"842",0,0.417082108157776,0,0.120867783454303
"843",0,0.645888544849794,0,0.304264239745647
"844",0,0.302658564623153,0,0.0979587610991677
"845",0,0.709825348563311,0,0.152329094182048
"846",0,0.462058040291764,0,0.215707125323268
"847",0,0.653138735035593,0,0.109600613634764
"848",0,1.35001062963861,0,0.240484108052419
"849",0,0.97289450617804,0,0.0783080843513708
"850",0,0.780615221072988,0,0.804126857559339
"851",0,0.327830832756934,0,0.0818617524275344
"852",0,0.471322881176606,0,0.0794731846830132
"853",0,0.28883491483651,0,0.0625964105359787
"854",0,0.44016539253878,0,0.148959919897036
"855",0,1.09588203741157,0,0.167319935764411
"856",0,0.591607621241571,0,0.0756157072598777
"857",0,0.233306974498301,0,0.0476172552716185
"858",0,0.495988952060432,0,0.247196530620329
"859",0,0.345967832620244,0,0.10388117881165
"860",0,0.259567182137884,0,0.162678873411546
"861",0,1.0361112715008,0,0.31101653840901
"862",0,1.08782561188159,0,0.172768255736627
"863",0,0.590852407746047,0,0.230239975056706
"864",0,0.182466119514246,0,0.0508486768918883
"865",0,0.264206777708452,0,0.0672552519929783
"866",0,0.354950171757917,0,0.0521949779908691
"867",0,0.237957290246513,0,0.0986660766656162
"868",0,0.687839836113213,0,0.0653986110679398
"869",0,0.470225572875403,0,0.204161172818394
"870",0,1.31715833087523,0,0.24018773136827
"871",0,0.342623617078108,0,0.068485936520134
"872",0,0.394646958303799,0,0.093940058768414
"873",0,0.898370206954489,0,0.15243346338378
"874",0,0.981795543509394,0,0.326757609846747
"875",0,0.390921342345107,0,0.0904683558283009
"876",0,0.44703626387052,0,0.220688760419657
"877",0,0.392146613197791,0,0.2604585964916
"878",0,0.726644516762792,0,0.242124761739388
"879",0,0.461690719770386,0,0.0859100203973583
"880",0,0.228914048990917,0,0.0755423171222614
"881",0,0.548194140792979,0,0.182731173424194
"882",0,0.355285823657322,0,0.131092593983955
"883",0,0.256971457644021,0,0.0549395446310956
"884",0,0.381541837678581,0,0.194796893279009
"885",0,0.226018949257437,0,0.0344345503352643
"886",0,0.329369350399259,0,0.190765851715072
"887",0,0.170648902261083,0,0.054679519679852
"888",0,0.701843843976874,0,0.366639839738109
"889",0,0.221858183366462,0,0.0423997448745558
"890",0,1.0999433355055,0,0.108258906571196
"891",0,0.505567223742903,0,0.385986036782504
"892",0,0.598010791699743,0,0.145643908623634
"893",0,0.617413854623427,0,0.193872570890025
"894",0,0.48955693358169,0,0.151128046060174
"895",0,0.325871727885661,0,0.0976551589808322
"896",0,0.376195088843179,0,0.129824044052081
"897",0,0.754131033935182,0,0.129747961506057
"898",0,1.09292178999179,0,0.367707473147551
"899",0,0.433152728995612,0,0.205410164918757
"900",0,0.355454281243904,0,0.127630234407578
"901",0,0.865369573019553,0,0.158925040577032
"902",0,0.491364353151486,0,0.0776062686774986
"903",0,0.362725964606568,0,0.117940055362009
"904",0,0.533372634964128,0,0.148867631812256
"905",0,1.06187966292497,0,0.230010996179258
"906",0,0.396071051557859,0,0.167238098142763
"907",0,0.615768870510207,0,0.232597702722856
"908",0,0.381595245367408,0,0.108049692826288
"909",0,0.708436288343844,0,0.202907340277509
"910",0,0.622836861779781,0,0.273640079454275
"911",0,0.347174874344072,0,0.262149805422483
"912",0,1.01908469962071,0,0.154070564504433
"913",0,0.762649268997606,0,0.526405318874309
"914",0,0.339070175270565,0,0.119119783104637
"915",0,0.471173209977932,0,0.28183639378567
"916",0,0.544142174047633,0,0.144052100425612
"917",0,0.469952556387757,0,0.14569412661379
"918",0,0.922728895369471,0,0.187896619165243
"919",0,0.543006806146531,0,0.101994968319757
"920",0,0.679385129108008,0,0.255009133490477
"921",0,0.390361664833701,0,0.151975830479261
"922",0,1.40900862302273,0,0.282390043262636
"923",0,0.652623889387631,0,0.134909658734675
"924",0,0.736874761097201,0,0.243595900515596
"925",0,0.91376015400312,0,0.21262247900674
"926",0,0.470755834942279,0,0.0323880807830448
"927",0,0.459911030715498,0,0.14420986309537
"928",0,0.371868229221777,0,0.108453082166781
"929",0,0.342280205671687,0,0.120382908603589
"930",0,0.42975056374985,0,0.139499072516282
"931",0,0.922730909772666,0,0.378885422919776
"932",0,0.534958967989911,0,0.18735948471568
"933",0,0.600459752286353,0,0.204202907368295
"934",0,0.354423860926011,0,0.0966383410179084
"935",0,0.250228980023461,0,0.0821182537171093
"936",0,0.244051335966435,0,0.0398223908146376
"937",0,0.49921304983628,0,0.145522013957197
"938",0,0.268168178118445,0,0.0886327599700577
"939",0,0.481830091885747,0,0.170736158853327
"940",0,0.568863855630756,0,0.206828927019349
"941",0,0.356378067362975,0,0.169859685645866
"942",0,0.896340799814799,0,0.235329871300505
"943",0,0.506591887671353,0,0.0820218276564678
"944",0,0.297613042761285,0,0.100994795934154
"945",0,0.597416134764914,0,0.24131977347985
"946",0,0.288360704109751,0,0.0671518240693794
"947",0,1.00797724134231,0,0.291830248942432
"948",0,0.422296935689037,0,0.207481957205156
"949",0,0.913622045732406,0,0.226851824493507
"950",0,0.42330316360531,0,0.190658307080338
"951",0,0.398308855588319,0,0.112123260453272
"952",0,0.863546888033549,0,0.111993589133747
"953",0,1.27221468832127,0,0.122834772264784
"954",0,0.296660238472873,0,0.0629601736314466
"955",0,1.00004339801682,0,0.437792279711974
"956",0,0.59160850247442,0,0.157817804941813
"957",0,0.443901049037666,0,0.159108011069537
"958",0,0.43025165557427,0,0.206251506242392
"959",0,0.583097387804143,0,0.257877435382374
"960",0,0.241771759624167,0,0.0551664942752695
"961",0,0.531621600869358,0,0.23465784651599
"962",0,0.539513947135473,0,0.215982083642463
"963",0,0.412481342861344,0,0.134520515427639
"964",0,0.34363959621102,0,0.144714300500981
"965",0,0.330593969001145,0,0.102023862386002
"966",0,0.513596466981648,0,0.095282732627901
"967",0,0.62590988430866,0,0.251453168287558
"968",0,0.255141274816949,0,0.125567327933938
"969",0,1.5373798287104,0,0.322753491434033
"970",0,0.435263192148808,0,0.198174146926637
"971",0,0.303239524337329,0,0.107782318604415
"972",0,1.04918402098269,0,0.405516855337608
"973",0,0.829046844239216,0,0.180739119127418
"974",0,0.711034746877917,0,0.216528415640631
"975",0,0.54690798243104,0,0.281574221012617
"976",0,1.23495358012725,0,0.14579608833129
"977",0,0.458563355026675,0,0.148619759146805
"978",0,0.465687090066178,0,0.189740837882975
"979",0,0.220801131606428,0,0.0817219373594196
"980",0,0.567257308053406,0,0.163154124253868
"981",0,0.233414233545137,0,0.0701836832056755
"982",0,0.213217645415354,0,0.0937284512310869
"983",0,0.816053511246756,0,0.353779534135309
"984",0,0.452023532667082,0,0.110654898368081
"985",0,0.735578356138674,0,0.24623130475546
"986",0,0.452566724223083,0,0.139726059937252
"987",0,0.264524799104922,0,0.0796017255364009
"988",0,0.63555977174214,0,0.0566928345577886
"989",0,0.738262306682017,0,0.248598555079659
"990",0,0.9740872586119,0,0.303773241288757
"991",0,0.318882556560912,0,0.148816466093438
"992",0,0.384124852499784,0,0.1207038273252
"993",0,0.901632209376591,0,0.197583627978042
"994",0,0.34425917767219,0,0.130118552363966
"995",0,0.805262899246806,0,0.263943909538831
"996",0,0.164227046274396,0,0.0296043693766249
"997",0,0.258753355409278,0,0.0658460649225919
"998",0,1.04726078694429,0,0.138914445286655
"999",0,0.375818613204148,0,0.0970539871022366
"1000",0,0.355887969383144,0,0.173913107671908
"1001",0,0.573258656899906,0,0.123794858471183
"1002",0,0.226295264420831,0,0.0529740473553691
"1003",0,1.44642933856609,0,0.232670328247639
"1004",0,0.182748083995557,0,0.0835227195801791
"1005",0,0.751488899071533,0,0.158284404347175
"1006",0,0.300872093164964,0,0.13092735465823
"1007",0,1.15254532056333,0,0.217943888919387
"1008",0,0.748506926057875,0,0.176442731895554
"1009",0,0.45741673829017,0,0.214725520935713
"1010",0,0.528996465461595,0,0.19577821065397
"1011",0,1.37712323850439,0,0.141603366123495
"1012",0,0.371416802831903,0,0.153237946542278
"1013",0,1.44559561435425,0,2.07229934383624
"1014",0,0.662765883979436,0,0.295675151484041
"1015",0,1.10393248761721,0,0.818523366251762
"1016",0,0.929606188034666,0,0.254362138870364
"1017",0,1.42313611885858,0,0.241456451846661
"1018",0,0.430125512169141,0,0.121019772973493
"1019",0,0.376356932923106,0,0.141978854457858
"1020",0,0.477663949647671,0,0.148016003090538
"1021",0,0.284933228636049,0,0.106319793839171
"1022",0,1.25498077742649,0,0.153616403983707
"1023",0,0.691220655702131,0,0.213896653372407
"1024",0,0.456356859652288,0,0.175320203243258
"1025",0,0.499450385184736,0,0.131387185952366
"1026",0,0.48629749530353,0,0.209735731337026
"1027",0,0.384072931927844,0,0.120384525002911
"1028",0,0.242023078090289,0,0.0622752971483333
"1029",0,0.514701408047385,0,0.210913904742821
"1030",0,0.595009499756747,0,0.155295606981686
"1031",0,0.176403178807979,0,0.104647149731313
"1032",0,0.650052965718757,0,0.196616283257614
"1033",0,0.470085009579667,0,0.156571676289454
"1034",0,0.523028549615038,0,0.277104979369787
"1035",0,0.805872800120388,0,0.184028035878274
"1036",0,0.668000064568145,0,0.154645968926721
"1037",0,0.505688850820499,0,0.205753845537979
"1038",0,0.774991647920747,0,0.213687830797586
"1039",0,0.533968531988501,0,0.184346865789641
"1040",0,0.686132957969887,0,0.264521585671865
"1041",0,0.34437620273379,0,0.134732223297566
"1042",0,0.368995904379638,0,0.122188396165742
"1043",0,0.575908636297685,0,0.137355483171404
"1044",0,0.312811861788423,0,0.067715282085558
"1045",0,0.515592529609772,0,0.278925095150927
"1046",0,0.521154129977549,0,0.114704422142708
"1047",0,0.401129868444741,0,0.13801698260398
"1048",0,0.18502735475482,0,0.0991243607139296
"1049",0,0.523269226696539,0,0.189382064176936
"1050",0,0.892974436745163,0,0.217308943926007
"1051",0,0.541089839622623,0,0.209749059728955
"1052",0,0.232133125794716,0,0.088127615994055
"1053",0,0.508202311771163,0,0.160555244938836
"1054",0,0.885874997686457,0,0.133525528270901
"1055",0,0.441718730295182,0,0.110367005463478
"1056",0,0.986455541843042,0,0.21984118875806
"1057",0,0.583094174798938,0,0.150006051529859
"1058",0,0.549535390023542,0,0.107581859266561
"1059",0,0.78754070553189,0,0.308048526186184
"1060",0,0.341882361824733,0,0.0576174217582393
"1061",0,0.547745969017564,0,0.165634770642267
"1062",0,0.211624287679547,0,0.0812824251319672
"1063",0,0.247466863503734,0,0.0649425028126869
"1064",0,0.402753234479597,0,0.158580970606722
"1065",0,0.389581671178015,0,0.151648585821974
"1066",0,0.309939735601291,0,0.130747875334463
"1067",0,1.06068864931543,0,0.201912330112637
"1068",0,0.152241421717546,0,0.0302923614794233
"1069",0,0.536842758443295,0,0.209574003867038
"1070",0,0.181455928875711,0,0.0498955419547267
"1071",0,0.655216585471548,0,0.296176192113557
"1072",0,0.485245791279075,0,0.179719293319131
"1073",0,0.565027238666147,0,0.0761978567478843
"1074",0,0.681921593641323,0,0.124895226953656
"1075",0,0.417302470253899,0,0.129017350041062
"1076",0,0.636153587229657,0,0.127446075654458
"1077",0,0.296010382653001,0,0.0894032734781939
"1078",0,0.524350828106069,0,0.388242471873319
"1079",0,2.92502569413,0,1.69325388426352
"1080",0,0.440221772914267,0,0.213808467940639
"1081",0,0.215575877188539,0,0.111294020144853
"1082",0,0.430450946554026,0,0.0854586867595474
"1083",0,0.742774565716042,0,0.265677767856484
"1084",0,0.549481343590852,0,0.221618673937513
"1085",0,0.853657377292832,0,0.1299748231982
"1086",0,0.605298776034807,0,0.215017142439455
"1087",0,0.501146789131269,0,0.210653759189666
"1088",0,0.198645876282877,0,0.0428232837023876
"1089",0,1.18222215392079,0,0.140023862558303
"1090",0,0.684993872920193,0,0.110544818956673
"1091",0,1.2004386683848,0,0.341111362971234
"1092",0,0.945408004781474,0,0.428487688026191
"1093",0,0.65095313561093,0,0.21296269139317
"1094",0,0.361452417556571,0,0.0601755123831049
"1095",0,0.413748321691715,0,0.15113929871427
"1096",0,0.927735990948147,0,0.0015952805717505
"1097",0,0.275791479599854,0,0.192149227910939
"1098",0,0.624747929907901,0,0.552302082417976
"1099",0,0.589220308160956,0,0.136187226726192
"1100",0,0.536259565042171,0,0.219758027113349
"1101",0,0.472168295055574,0,0.13347151073393
"1102",0,0.219818318530727,0,0.0803802072549947
"1103",0,0.183326838493944,0,0.0740071320855163
"1104",0,0.891846323142881,0,0.224413876182157
"1105",0,0.518346767662219,0,0.191499789409739
"1106",0,0.341460661592814,0,0.0662415874734121
"1107",0,0.45862880821927,0,0.122605672859317
"1108",0,0.877267067415127,0,0.131159321264238
"1109",0,1.57030929007181,0,0.670998583933507
"1110",0,0.467328027173433,0,0.194133458850417
"1111",0,0.348312346363111,0,0.135726839110104
"1112",0,0.62618488791884,0,0.159965960657012
"1113",0,0.813767756240955,0,0.0625573973769661
"1114",0,0.637190271542155,0,0.23518316998376
"1115",0,1.31176769042361,0,0.428252563072164
"1116",0,1.49161571850542,0,0.808705686103331
"1117",0,0.432793595887157,0,0.179883151005738
"1118",0,0.393797894617465,0,0.092629429863094
"1119",0,0.219993560610573,0,0.0634687753715305
"1120",0,0.355521035134684,0,0.0934523283293116
"1121",0,0.296711538713052,0,0.112448758241745
"1122",0,0.630395853155732,0,0.213794414134387
"1123",0,0.955285765403925,0,0.2352479147809
"1124",0,0.576292758964631,0,0.133873961448212
"1125",0,0.505649370491189,0,0.247080101364063
"1126",0,0.749233708026726,0,0.13200473487312
"1127",0,0.355385800854104,0,0.110547916405555
"1128",0,0.527178733482387,0,0.145981402058968
"1129",0,0.579420880610714,0,0.301234524094175
"1130",0,0.194611340150481,0,0.0331717779799129
"1131",0,1.57354956218439,0,0.519215005547806
"1132",0,0.396924486821466,0,0.130932599946801
"1133",0,0.424869247480118,0,0.119621594708667
"1134",0,0.38032480477201,0,0.192835046930545
"1135",0,0.25981551011132,0,0.16836517134212
"1136",0,0.993225817743329,0,0.200931412030523
"1137",0,0.432170037037688,0,0.0738289721354843
"1138",0,0.400909862872483,0,0.0807425515143327
"1139",0,0.55928377720414,0,0.168155879529305
"1140",0,0.420486870630626,0,0.296538228880948
"1141",0,0.572679044372107,0,0.129817117910813
"1142",0,0.379743257168993,0,0.142900053769288
"1143",0,0.983854186282587,0,0.207714698854499
"1144",0,0.651017398120888,0,0.130098667181936
"1145",0,0.39325112483052,0,0.216170766033542
"1146",0,0.810837121636273,0,0.225709575408249
"1147",0,0.529005146091753,0,0.120777636875784
"1148",0,0.428197922900943,0,0.05763463829666
"1149",0,0.707732237124628,0,0.169052503110944
"1150",0,0.533155069949414,0,0.13770515900208
"1151",0,0.587253339498876,0,0.19407629734009
"1152",0,1.19654715752256,0,0.21234400942892
"1153",0,0.230674375452522,0,0.100080648763762
"1154",0,0.349742515016015,0,0.150190889205638
"1155",0,0.570443080369696,0,0.174474007782498
"1156",0,0.340969870073928,0,0.215488636996895
"1157",0,0.290323028337543,0,0.104704868706122
"1158",0,1.21832898464152,0,0.210793649572908
"1159",0,0.345346851888467,0,0.0788756195698643
"1160",0,0.290722736692333,0,0.155728767524153
"1161",0,0.364215727386579,0,0.0998298384317367
"1162",0,0.917955365291862,0,0.180158495753412
"1163",0,1.0645969596462,0,0.121754189614762
"1164",0,0.304787406993043,0,0.110678476301867
"1165",0,1.04000471723385,0,0.259210847200714
"1166",0,0.301803900678735,0,0.0857676237032697
"1167",0,0.576272320448388,0,0.136421836206897
"1168",0,0.369383652244978,0,0.132427593959373
"1169",0,0.693525590124677,0,0.16973035582633
"1170",0,1.00466725042935,0,1.15871419871892
"1171",0,0.392665689787361,0,0.145329446695073
"1172",0,0.590865073525406,0,0.171777630375166
"1173",0,0.340603669253746,0,0.17653808768298
"1174",0,0.425479949823494,0,0.200396322926379
"1175",0,1.0396655657627,0,0.374974789496161
"1176",0,0.68874144334285,0,0.163702762500362
"1177",0,0.969226016554722,0,0.15958776440689
"1178",0,0.417818028907307,0,0.110033125263237
"1179",0,0.631428301255539,0,0.214331545776548
"1180",0,0.506998030214362,0,0.181389101437087
"1181",0,0.865411981362705,0,0.40413615179528
"1182",0,0.723452158676561,0,0.187106137595257
"1183",0,0.927772436874459,0,0.199553682073187
"1184",0,0.659734033848853,0,0.176247928476665
"1185",0,0.592720803107832,0,0.22903164335336
"1186",0,0.350186461674385,0,0.153460868999207
"1187",0,0.558526379271717,0,0.166425427372015
"1188",0,0.501404397528897,0,0.205145907994664
"1189",0,0.811433187210895,0,0.181104588175597
"1190",0,0.620166701968685,0,0.299605258136838
"1191",0,0.508387035391863,0,0.255101588779074
"1192",0,0.391961935100117,0,0.14446620083573
"1193",0,0.488407199364325,0,0.114631354597029
"1194",0,0.703810115535575,0,0.152697687054618
"1195",0,0.613428137440612,0,0.0777283774787728
"1196",0,0.228268685888072,0,0.043722652149401
"1197",0,0.592317821861857,0,0.258369220028851
"1198",0,0.36692911823482,0,0.11053903516112
"1199",0,0.595433996159088,0,0.250661620654853
"1200",0,0.430359405843721,0,0.191288532578006
"1201",0,0.531237848116618,0,0.276040685801713
"1202",0,0.563960920808962,0,0.112071146133593
"1203",0,0.771770733556315,0,0.193914057801356
"1204",0,0.780508240769687,0,0.253564525324839
"1205",0,0.204908118855612,0,0.0562645619392814
"1206",0,0.485497509887635,0,0.187394437675136
"1207",0,0.323781896786396,0,0.112889031161464
"1208",0,0.471456876271751,0,0.269819824708664
"1209",0,0.649858827849351,0,0.297000717071282
"1210",0,0.412860497126597,0,0.181073210187788
"1211",0,0.498689321248041,0,0.270366960704324
"1212",0,0.435349079021991,0,0.22618172895277
"1213",0,0.937988278089148,0,0.28805004464231
"1214",0,1.21742527614268,0,0.330707267159116
"1215",0,0.16969870913007,0,0.058973783075113
"1216",0,0.507044206809368,0,0.220127458071977
"1217",0,0.510152496560349,0,0.193470756051246
"1218",0,0.915359629237134,0,0.197472227099317
"1219",0,0.8333312683961,0,0.128493062598947
"1220",0,0.442764661095653,0,0.0725126637447229
"1221",0,0.412335058270474,0,0.186359523923627
"1222",0,0.441255275230744,0,0.136149149886242
"1223",0,0.315844430108105,0,0.0645894705172359
"1224",0,0.672425975981178,0,0.223535081350227
"1225",0,0.718063005244317,0,0.173394767402119
"1226",0,1.35062807290129,0,0.197324873986972
"1227",0,1.07089006459271,0,0.151417080630651
"1228",0,0.393467149607731,0,0.097993489337154
"1229",0,0.501884324795606,0,0.232032833943666
"1230",0,0.36775657439601,0,0.0873697071721342
"1231",0,0.359984690510076,0,0.131736514930938
"1232",0,0.737970678749849,0,0.112649753678276
"1233",0,0.881613104239754,0,0.14268780099098
"1234",0,0.857282623241508,0,0.125716765940986
"1235",0,0.56363020780308,0,0.110646608650605
"1236",0,0.397574229752865,0,0.161732950459914
"1237",0,0.97337090537168,0,0.0321090692184194
"1238",0,0.434466483760184,0,0.208207885191406
"1239",0,0.526412634464799,0,0.19262152142567
"1240",0,0.370353094297029,0,0.146267333331283
"1241",0,0.329360399978788,0,0.121117199689492
"1242",0,0.894804783527134,0,0.503850804871325
"1243",0,0.822270845074906,0,0.203333902861061
"1244",0,0.769875182325103,0,0.224052355171016
"1245",0,0.285261537601496,0,0.121670169893604
"1246",0,0.604346883861528,0,0.16130477725023
"1247",0,0.554564134616452,0,0.161812782515312
"1248",0,0.161881281439561,0,0.0698173506870683
"1249",0,0.733282370788187,0,0.346074977956164
"1250",0,0.965115599727804,0,0.194131642022852
"1251",0,1.06304848581795,0,0.19882577612983
"1252",0,0.409161767021554,0,0.0762114324669301
"1253",0,0.82137769891555,0,0.161613197756866
"1254",0,0.397161794427611,0,0.194768067841649
"1255",0,0.476467119445023,0,0.231226334893289
"1256",0,0.732042648441045,0,0.33402037944152
"1257",0,1.33235984263213,0,0.246341295643157
"1258",0,0.677397378264012,0,0.185212204473837
"1259",0,0.340770914594224,0,0.166853202961142
"1260",0,0.881059823146307,0,0.236901991652235
"1261",0,0.513226023652949,0,0.177455157813214
"1262",0,0.561330070369665,0,0.190809145682075
"1263",0,0.317566442495053,0,0.138156863617388
"1264",0,0.472870835108184,0,0.168697682470031
"1265",0,0.441736021434447,0,0.162898471751959
"1266",0,0.855133527995024,0,0.184854016209466
"1267",0,0.765849644369115,0,0.288497898801273
"1268",0,0.32004023244255,0,0.175132843721462
"1269",0,0.514247998798806,0,0.209109785773516
"1270",0,0.670000527237282,0,0.15186527846572
"1271",0,0.590812889306055,0,0.249627101010307
"1272",0,0.489562156313321,0,0.18275921075066
"1273",0,0.47233869930916,0,0.100787544862176
"1274",0,0.171528625357998,0,0.0430473544470206
"1275",0,0.853334080244674,0,0.296436432667938
"1276",0,1.13386263623534,0,0.202506203062774
"1277",0,0.410160147942915,0,0.127186233206082
"1278",0,0.630495672288922,0,0.121624728467157
"1279",0,0.493756163293722,0,0.140476365145858
"1280",0,0.465186176539987,0,0.211334854197816
"1281",0,0.516934461769511,0,0.162602068372628
"1282",0,0.749592864578009,0,0.209681483585223
"1283",0,0.48920455218133,0,0.184779459000105
"1284",0,0.586001382945301,0,0.111207379502356
"1285",0,0.528141531380799,0,0.175733504289529
"1286",0,0.507067520822678,0,0.157542000878969
"1287",0,0.566540932320208,0,0.263243935063278
"1288",0,1.64201923996903,0,0.430039503812785
"1289",0,0.602161395039498,0,0.112891720168686
"1290",0,0.609768977853553,0,0.350892208972908
"1291",0,1.17384587231012,0,0.2388105864023
"1292",0,0.49893779241105,0,0.0879204665755317
"1293",0,0.377838420629067,0,0.174214543622212
"1294",0,0.567586815205211,0,0.148422958877034
"1295",0,0.687844632458298,0,0.217439097380283
"1296",0,0.545394448266513,0,0.0969330942003844
"1297",0,0.69042442697119,0,0.27513838124201
"1298",0,0.719789741740635,0,0.322643460738842
"1299",0,0.959326900636781,0,0.194522017581824
"1300",0,0.231173267374273,0,0.0917351230489649
"1301",0,0.322034394561919,0,0.117508718445492
"1302",0,0.485173969835668,0,0.204325511360551
"1303",0,0.57210461177477,0,0.254867105059227
"1304",0,0.487707779332474,0,0.177827606239988
"1305",0,0.754005583175215,0,0.463903651612935
"1306",0,1.08455440425134,0,0.210965005956679
"1307",0,0.438528282810812,0,0.384994161287832
"1308",0,0.62646007597555,0,0.211377989554603
"1309",0,0.426287952695171,0,0.0883499340174677
"1310",0,1.31862204764263,0,0.271632609235984
"1311",0,0.679681757476432,0,0.252560900652422
"1312",0,0.661677383442828,0,0.21230621659818
"1313",0,0.491191490546807,0,0.179784050517987
"1314",0,0.540015015395093,0,0.125154677138331
"1315",0,1.2651759577814,0,0.4424285826628
"1316",0,0.7836363330782,0,0.238735756336312
"1317",0,1.000822278873,0,0.324055103160067
"1318",0,0.800920112319766,0,0.305349561949948
"1319",0,0.691845616464841,0,0.159740985894379
"1320",0,0.492278539270243,0,0.200881200375427
"1321",0,0.818831529882219,0,0.164121409771894
"1322",0,0.352962318773912,0,0.167311809300258
"1323",0,0.590873347659797,0,0.29872586565814
"1324",0,0.368731473489429,0,0.144996737393208
"1325",0,0.570460198139681,0,0.139500974016004
"1326",0,0.200570193164557,0,0.0486598205988518
"1327",0,0.652221758110413,0,0.199749314446138
"1328",0,1.0600770700089,0,0.477924307738482
"1329",0,0.739043814535567,0,0.561011737070073
"1330",0,0.356264628334232,0,0.18485444576452
"1331",0,0.494005961708291,0,0.105495862078628
"1332",0,0.6642822033806,0,0.270797683308609
"1333",0,0.59366695128232,0,0.236895849117306
"1334",0,0.701125904340153,0,0.137371276929863
"1335",0,0.252309482660016,0,0.0775691572356606
"1336",0,0.62108803767225,0,0.229041527079523
"1337",0,0.626526222157931,0,0.270784011983041
"1338",0,0.530586850488446,0,0.212775473039194
"1339",0,0.414103552373381,0,0.0899214574257957
"1340",0,1.12806264801723,0,0.3430475388462
"1341",0,0.397648647508986,0,0.209802937882755
"1342",0,0.454483000198566,0,0.157873804191289
"1343",0,0.713555386239062,0,0.147428468475482
"1344",0,0.474384252572715,0,0.299616800244659
"1345",0,0.65976197614533,0,0.248812013217592
"1346",0,0.611356134256373,0,0.120375029447394
"1347",0,0.903012027343114,0,0.314909979503727
"1348",0,0.313193706194883,0,0.0920994123747498
"1349",0,0.255803236605528,0,0.0950548784762892
"1350",0,0.564912470172138,0,0.349017118080875
"1351",0,0.457857061984978,0,0.249596875609469
"1352",0,0.392898813051583,0,0.110935094258011
"1353",0,0.540730086102234,0,0.230484096602684
"1354",0,0.671441260836312,0,0.12802584412634
"1355",0,0.882169189734188,0,0.17115917464685
"1356",0,0.83760987100054,0,0.412914217541232
"1357",0,0.608406166275988,0,0.163813666146815
"1358",0,0.536589467186269,0,0.0920460138202207
"1359",0,0.330170158260656,0,0.21241514675439
"1360",0,1.16877858135806,0,0.264785964520318
"1361",0,0.76186324591222,0,0.231725594928517
"1362",0,1.08998051474965,0,0.382165268412321
"1363",0,0.456403134516245,0,0.117627663294593
"1364",0,0.610890300698983,0,0.106806594678887
"1365",0,0.30286079692656,0,0.120675836107076
"1366",0,0.696766043054885,0,0.134963277536794
"1367",0,0.936955427429284,0,0.235647112593456
"1368",0,1.00336880528645,0,0.229684256627911
"1369",0,0.558872660896817,0,0.223125144189329
"1370",0,0.383021821231805,0,0.109304753711093
"1371",0,0.645172960662668,0,0.324521163674269
"1372",0,1.03354760208522,0,0.303280041074902
"1373",0,0.926549951344023,0,0.152540443925635
"1374",0,0.487579003212944,0,0.178079051968906
"1375",0,0.561672283434911,0,0.133047497695458
"1376",0,0.359955636882825,0,0.0759895167316268
"1377",0,0.301659994912379,0,0.0814038251214493
"1378",0,0.380977288479016,0,0.178085662323279
"1379",0,0.645763783999111,0,0.175251722761441
"1380",0,0.391411238816484,0,0.0793066891789268
"1381",0,1.66787560780843,0,0.00724198737160431
"1382",0,0.686522475739782,0,0.0735372755963921
"1383",0,0.593014992834107,0,0.114145512141784
"1384",0,0.748189477299256,0,0.197184919139359
"1385",0,1.63574665361415,0,0.295685986756991
"1386",0,0.755495422128318,0,0.0487822237762546
"1387",0,0.593257312932958,0,0.08378080416267
"1388",0,0.312477147558352,0,0.0873362251119671
"1389",0,0.276875613491392,0,0.0478817414452236
"1390",0,0.725470766641092,0,0.0336630089394634
"1391",0,1.33698744100073,0,0.234997682623066
"1392",0,0.770156876094137,0,0.265220420160357
"1393",0,0.775677195753917,0,0.0951307408067592
"1394",0,1.2367843809978,0,0.189507605506358
"1395",0,0.375529664240795,0,0.0664418695515644
"1396",0,0.384953666912508,0,0.0761352295716663
"1397",0,3.26104810415938,0,0.528733628330204
"1398",0,0.549753835498592,0,0.35514256855001
"1399",0,0.939254535569085,0,0.00489038777325516
"1400",0,3.656396508434,0,0.37845646396042
"1401",0,0.61734211663683,0,0.243633180420751
"1402",0,0.242229023809207,0,0.0668770927141649
"1403",0,3.12991173996951,0,1.46423850230858
"1404",0,0.741941259966956,0,0.00103045564926301
"1405",0,0.51864727487649,0,0.105025498443605
"1406",0,0.178287132122369,0,0.0293336431200665
"1407",0,0.645722809919091,0,0.200799668331305
"1408",0,0.800361322032081,0,0.0473416024500542
"1409",0,0.504506929758902,0,0.247943977879736
"1410",0,0.550666370483303,0,0.19358636050309
"1411",0,3.98356128086375,0,0.401763076388403
"1412",0,0.379209484471831,0,0.0826812654502287
"1413",0,0.212897906543086,0,0.0146311012619145
"1414",0,0.556952038803604,0,0.0975046395504682
"1415",0,0.565781794164492,0,0.0631919552646001
"1416",0,2.18983218231271,0,0.291499427045296
"1417",0,0.653845301241551,0,0.38253650141581
"1418",0,0.474092007063343,0,0.212719194632602
"1419",0,0.236298966263921,0,0.049163928519417
"1420",0,0.620066610896088,0,0.255465006588948
"1421",0,0.470072079198825,0,0.225652883530314
"1422",0,0.444938749074936,0,0.00248886475799769
"1423",0,1.15278406419616,0,0.291019092881219
"1424",0,0.824296580796892,0,0.283043506906841
"1425",0,0.500967624975017,0,0.179451786478148
"1426",0,0.413576400202841,0,0.275445252724753
"1427",0,0.472384416459062,0,0.0509378790337729
"1428",0,0.503431573689702,0,0.107767428944133
"1429",0,0.384863812822462,0,0.134678248584081
"1430",0,0.51395076553673,0,0.267420441226
"1431",0,0.623751110807582,0,0.340748619430424
"1432",0,0.393915057304203,0,0.174573400613593
"1433",0,0.700791272627111,0,0.31892467590497
"1434",0,0.331817687032761,0,0.179780970558165
"1435",0,0.223782000333776,0,0.0855044872240097
"1436",0,1.14230781707211,0,0.170202048507683
"1437",0,0.360893366169626,0,0.145828344559677
"1438",0,0.409323162248773,0,0.229754526655378
"1439",0,0.293882046813564,0,0.120467390360131
"1440",0,0.356165413335916,0,0.19227508480471
"1441",0,0.645537333506526,0,0.462939612284047
"1442",0,0.673214041911242,0,0.40074911614598
"1443",0,1.12043673268502,0,0.301047276062024
"1444",0,0.852109034975849,0,0.263054016799699
"1445",0,1.65526038951127,0,0.673238354791472
"1446",0,0.694683787058394,0,0.332608928976929
"1447",0,0.470713993809262,0,0.105013849844835
"1448",0,0.559631797133899,0,0.324594353124166
"1449",0,1.54943792529838,0,0.227574125147399
"1450",0,0.229485845807363,0,0.0408041686092427
"1451",0,0.6178973610382,0,0.212020547610028
"1452",0,0.394463386149137,0,0.101523914123129
"1453",0,0.48732618587773,0,0.164696472065857
"1454",0,0.371006363931575,0,0.256114847267714
"1455",0,0.403922572745543,0,0.329807395318822
"1456",0,1.06358166441085,0,0.462583338175968
"1457",0,0.552066988336346,0,0.288090128926218
"1458",0,0.314768106814046,0,0.0970283209431
"1459",0,0.38363219611686,0,0.148325275532205
"1460",0,0.607485437070031,0,0.176068888553764
"1461",0,0.460487898992726,0,0.117258180000513
"1462",0,0.228296570859863,0,0.0686007185266669
"1463",0,0.500453155739602,0,0.158943343831527
"1464",0,1.40883912210879,0,0.245098446848586
"1465",0,0.378395241007064,0,0.0972185032500839
"1466",0,0.51872023766817,0,0.149378281811957
"1467",0,0.706006446702581,0,0.302392207551304
"1468",0,1.02806187119685,0,0.292394351239583
"1469",0,0.288993057609962,0,0.176751643524874
"1470",0,0.28063925082892,0,0.109904166162052
"1471",0,0.480557064360014,0,0.187589786767957
"1472",0,0.545094476047769,0,0.118784424709695
"1473",0,0.358707653424886,0,0.0727129276455363
"1474",0,0.271227643205928,0,0.0981775029626363
"1475",0,0.78421447658148,0,0.266211986272291
"1476",0,0.217809583328688,0,0.0466084625672454
"1477",0,0.550053854156466,0,0.0933570698658074
"1478",0,0.612920842556111,0,0.26760352917377
"1479",0,0.42476576449984,0,0.141432830890726
"1480",0,0.945157998300858,0,0.828693565948793
"1481",0,0.527298760154973,0,0.0944473125872846
"1482",0,1.18577188448828,0,0.39037952322185
"1483",0,0.559832119079958,0,0.195334625269816
"1484",0,0.731283884040862,0,0.320370639831366
"1485",0,0.605880237064479,0,0.164884185294567
"1486",0,0.189603513327236,0,0.112529491520708
"1487",0,0.420697114275996,0,0.184929336244437
"1488",0,0.427609084109574,0,0.320986477271654
"1489",0,0.328217196212115,0,0.160189218991416
"1490",0,0.825435628925545,0,0.298182026586902
"1491",0,0.4294015859917,0,0.103742931065481
"1492",0,0.210123398400612,0,0.0298727074257884
"1493",0,0.825043181182173,0,0.395049247348007
"1494",0,0.221557667075176,0,0.0774253797163701
"1495",0,0.571719714846367,0,0.396568406544018
"1496",0,0.353999823888251,0,0.134723834783286
"1497",0,0.536081676403627,0,0.47681707533913
"1498",0,1.44288904814757,0,0.315348806177594
"1499",0,0.453287512757057,0,0.0529993767193085
"1500",0,0.306795244890593,0,0.129290188529812
"1501",0,0.336040955097949,0,0.125333554017606
"1502",0,0.81031773372214,0,0.468981778431027
"1503",0,0.551591163640248,0,0.20766037079992
"1504",0,0.428887395653025,0,0.213783158998325
"1505",0,0.258111122703835,0,0.113320212763416
"1506",0,0.325105741203248,0,0.150450928676024
"1507",0,0.184436993798977,0,0.07433959082471
"1508",0,0.18165364480138,0,0.0608305718924803
"1509",0,0.523841274191577,0,0.168303735213658
"1510",0,0.669523279428591,0,0.328508088677568
"1511",0,0.646927232964334,0,0.344369205146848
"1512",0,0.300485456562542,0,0.179081686201829
"1513",0,1.12205195565367,0,0.380571299207702
"1514",0,0.250011932586603,0,0.130623627595399
"1515",0,0.291409750915182,0,0.208805955131304
"1516",0,0.326682627524141,0,0.113965922657472
"1517",0,1.1237377783857,0,0.414813378358532
"1518",0,0.386643389681257,0,0.121877061705816
"1519",0,0.806676880258029,0,0.375014199325756
"1520",0,0.367392007051161,0,0.136461546615927
"1521",0,0.324122261832755,0,0.0891458251574741
"1522",0,2.27888944874639,0,0.700869207625187
"1523",0,0.587613832619455,0,0.156253269522849
"1524",0,0.503181097827044,0,0.285475499494257
"1525",0,0.670220976556314,0,0.48106953386827
"1526",0,1.01890116583103,0,0.22826846236509
"1527",0,0.226995628646054,0,0.09112868610311
"1528",0,0.439289105774492,0,0.545675009940875
"1529",0,0.740710985845121,0,0.265390027450574
"1530",0,0.329662119470985,0,0.169770390493858
"1531",0,0.404882381332594,0,0.166863121566952
"1532",0,0.5223329107256,0,0.161453906530505
"1533",0,0.603174023685001,0,0.181937370413537
"1534",0,0.537070917528729,0,0.190506148345213
"1535",0,0.574871587047136,0,0.277516385800866
"1536",0,0.36444742860907,0,0.145594371535316
"1537",0,0.345225040839887,0,0.121435163697471
"1538",0,0.376052301316272,0,0.0631499284168275
"1539",0,0.273843638020447,0,0.25513037018138
"1540",0,0.322304742526879,0,0.0904229640999092
"1541",0,0.471433381565282,0,0.197193121921112
"1542",0,0.255488637705861,0,0.0505839479125143
"1543",0,0.654631714541838,0,0.273795759931337
"1544",0,0.260603186509865,0,0.150232123805223
"1545",0,0.305222589149393,0,0.13156912269261
"1546",0,0.388669197453312,0,0.228738758154634
"1547",0,0.191368453890268,0,0.0690075750919509
"1548",0,0.465209671322361,0,0.321752861097821
"1549",0,0.583631071725178,0,0.210104398336924
"1550",0,0.53922449391355,0,0.130302666001281
"1551",0,0.349755646969668,0,0.256407086230239
"1552",0,0.297590929978681,0,0.187540352488523
"1553",0,0.186693492618632,0,0.0611599900957099
"1554",0,0.559956875872308,0,0.162517938587631
"1555",0,0.430106196057546,0,0.240384612959521
"1556",0,1.24858300720604,0,0.155169896248733
"1557",0,0.224662682825262,0,0.124127816183613
"1558",0,0.363075292615033,0,0.134607881620422
"1559",0,0.315409436876222,0,0.153461180098933
"1560",0,0.555913886695943,0,0.0606084838764398
"1561",0,0.344021764842225,0,0.0704194002179081
"1562",0,0.467630851464193,0,0.235497431694565
"1563",0,0.225871355101493,0,0.0769472145018367
"1564",0,1.07240239779154,0,0.00499601960129212
"1565",0,0.436934940340523,0,0.215364389583227
"1566",0,0.31168524274952,0,0.0757286719534048
"1567",0,0.477577808504765,0,0.121386315762936
"1568",0,0.691786594628318,0,0.207016951263591
"1569",0,0.232706347341312,0,0.0786701878965009
"1570",0,0.298690307064352,0,0.204745179407986
"1571",0,0.374271714371139,0,0.160138829244978
"1572",0,1.65901107027911,0,0.229170770718986
"1573",0,0.359078645299041,0,0.0800588873952325
"1574",0,0.263079740213714,0,0.0805831553206854
"1575",0,0.429496991225876,0,0.325004750353403
"1576",0,0.472122271855672,0,0.209413747927914
"1577",0,0.791766273882962,0,0.346803024556949
"1578",0,0.177121514166096,0,0.0770260064006607
"1579",0,0.555455147250881,0,0.102676951229445
"1580",0,0.218470517118446,0,0.052461241476555
"1581",0,0.269196086968609,0,0.13097273701962
"1582",0,0.306728050384148,0,0.135794416847612
"1583",0,0.243025190191842,0,0.0521139180308414
"1584",0,0.428005056981615,0,0.155592479833932
"1585",0,0.59497663430286,0,0.310245264740249
"1586",0,0.508690664377162,0,0.261396791906939
"1587",0,0.659464653016943,0,0.283169001034043
"1588",0,1.19867241871162,0,0.249668716479695
"1589",0,1.42839961207431,0,0.438552207896703
"1590",0,1.13398115281706,0,0.178391250665459
"1591",0,0.424932520653381,0,0.0765851802159318
"1592",0,0.196882980806119,0,0.0782636781615557
"1593",0,0.455035478798463,0,0.193743644150519
"1594",0,0.722116959699686,0,0.254945575295251
"1595",0,0.527394128463029,0,0.251084873165807
"1596",0,0.734938558299565,0,0.364089830410172
"1597",0,0.5424005094176,0,0.349299476956878
"1598",0,0.251097710609762,0,0.102929338475129
"1599",0,0.763448655605316,0,0.00138652031547008
"1600",0,0.166113393301247,0,0.108130276420331
"1601",0,0.473958641752085,0,0.193578252520879
"1602",0,0.358034332810421,0,0.112680811084845
"1603",0,0.430942181979589,0,0.188047895127654
"1604",0,0.284847643253527,0,0.191317700021464
"1605",0,0.156167261064975,0,0.0923324268904323
"1606",0,0.35357659167605,0,0.100483935824891
"1607",0,0.231908212621138,0,0.0847804260876965
"1608",0,0.378714081395302,0,0.289161047889582
"1609",0,0.735338754084216,0,0.267039888165276
"1610",0,0.218686953580553,0,0.10581497930649
"1611",0,0.608784978703935,0,0.159225252562939
"1612",0,0.351770746007643,0,0.125322101901685
"1613",0,1.07490430992158,0,1.02907012338762
"1614",0,0.557300125097751,0,0.185444170660693
"1615",0,0.751337750524771,0,0.145094945460259
"1616",0,0.937768979770381,0,0.380146430779267
"1617",0,1.10254370440882,0,0.322216312346034
"1618",0,0.804861696733945,0,0.247795116999972
"1619",0,0.49468311585166,0,0.169153325761395
"1620",0,0.242303342482106,0,0.11046971384964
"1621",0,0.776751544586448,0,0.341117460297852
"1622",0,0.445406397569527,0,0.125222477829131
"1623",0,0.358921662380135,0,0.195946209554382
"1624",0,0.160463744608214,0,0.0590286997037517
"1625",0,0.970829608782036,0,0.625962820581575
"1626",0,0.699148667861729,0,0.180502047686668
"1627",0,0.245219285085879,0,0.0874714828411892
"1628",0,0.539413922284015,0,0.207295299478757
"1629",0,0.359633996811287,0,0.275056424820255
"1630",0,0.600850704779173,0,0.173383456951907
"1631",0,0.381527638147655,0,0.164786571831524
"1632",0,0.422836982188763,0,0.244423016896549
"1633",0,0.323637776728211,0,0.163614042151114
"1634",0,1.0837496296787,0,0.230218009122121
"1635",0,0.711504296276921,0,0.206632183575119
"1636",0,0.348907315000919,0,0.10987730764516
"1637",0,0.312030406611105,0,0.203109550296627
"1638",0,0.533744543492251,0,0.165114055894005
"1639",0,0.0879275398278008,0,0.0461110316927049
"1640",0,0.266547193672705,0,0.114203994643033
"1641",0,0.465367753977375,0,0.198301215194987
"1642",0,0.485949894802034,0,0.302314856959668
"1643",0,0.187843155719761,0,0.0642438752025525
"1644",0,0.485336347665421,0,0.226848542143751
"1645",0,0.327960725989064,0,0.202566377806886
"1646",0,0.657996583675993,0,0.121090472916905
"1647",0,0.598564051091671,0,0.258960027518988
"1648",0,0.858950501726579,0,0.0959069632073407
"1649",0,0.364490602584461,0,0.209025146193758
"1650",0,0.530054276657132,0,0.277700618683603
"1651",0,0.645511178182555,0,0.209008096057583
"1652",0,0.48580133291178,0,0.138229245722558
"1653",0,0.42378557895485,0,0.499926127825422
"1654",0,1.60744698842367,0,0.0877430582294231
"1655",0,0.509896343414466,0,0.195743728406556
"1656",0,0.80700185451307,0,0.289475237274313
"1657",0,0.32503057922659,0,0.141113332508749
"1658",0,0.370531946977088,0,0.219311282206696
"1659",0,0.366088194414206,0,0.283860679227132
"1660",0,0.493873575563205,0,0.221945790237646
"1661",0,0.612373504292335,0,0.391674843147277
"1662",0,0.360078720012866,0,0.10779281993934
"1663",0,0.628250153168388,0,0.12765863021399
"1664",0,0.275544333938367,0,0.213034263127625
"1665",0,0.570709300497191,0,0.124650652356452
"1666",0,0.892377995104196,0,0.487733812364785
"1667",0,0.573700464569806,0,0.157534864773696
"1668",0,0.258047539625446,0,0.0594518084463099
"1669",0,0.481794095234393,0,0.222742987373119
"1670",0,0.373721261941344,0,0.153656632033085
"1671",0,0.754048283117405,0,0.288877607052607
"1672",0,0.342228578783355,0,0.1336922836642
"1673",0,0.52799204507595,0,0.307415504516188
"1674",0,0.713290369095926,0,0.242003565959294
"1675",0,0.748978345229109,0,0.367067396137003
"1676",0,0.252552866562439,0,0.176751691869238
"1677",0,0.501459624573409,0,0.128309690009809
"1678",0,0.55205328736746,0,0.271748267515621
"1679",0,0.714548136109795,0,0.296371280830542
"1680",0,0.387015431087959,0,0.174702922348175
"1681",0,0.920459031897186,0,0.446063148767314
"1682",0,0.377772423060431,0,0.243986059096283
"1683",0,0.571642866632977,0,0.175984577088725
"1684",0,1.04229700565338,0,0.0100473126287422
"1685",0,0.715950974426069,0,0.254187646200243
"1686",0,0.405404953085877,0,0.19899514456931
"1687",0,0.718805789461225,0,0.203576997969956
"1688",0,0.46384427714109,0,0.218414415537009
"1689",0,0.559348138005138,0,0.132920838763023
"1690",0,0.306520603515737,0,0.208601231542041
"1691",0,0.230942385539223,0,0.0792465703622807
"1692",0,0.319586536692683,0,0.150541161791022
"1693",0,0.684575530216675,0,0.13042769632098
"1694",0,0.204793942607057,0,0.105744641762945
"1695",0,0.732626752441667,0,0.259053729585248
"1696",0,0.41082304083693,0,0.156010666811336
"1697",0,0.532283767745686,0,0.182651646015772
"1698",0,0.589766925185677,0,0.0952333697498451
"1699",0,0.427196226403361,0,0.175915657156394
"1700",0,0.284016415693938,0,0.149201120393517
"1701",0,0.695130632006188,0,0.289444306104226
"1702",0,1.28400857850563,0,0.441466026119363
"1703",0,1.40641322400835,0,0.167643335744842
"1704",0,0.351106944251364,0,0.180733628756336
"1705",0,0.649365523064783,0,0.157427511466428
"1706",0,0.298569549099018,0,0.118726731584162
"1707",0,0.622873167077222,0,0.22762086260871
"1708",0,0.245651908809207,0,0.103058029032783
"1709",0,0.169206205809757,0,0.108297531707846
"1710",0,0.230797277895805,0,0.0662127905629391
"1711",0,0.557448787468813,0,0.230900166510287
"1712",0,0.298454117707923,0,0.0876448947845459
"1713",0,0.42681056051289,0,0.195246792785867
"1714",0,0.625012633671243,0,0.133217681533047
"1715",0,0.437841816460934,0,0.128160075787404
"1716",0,0.157062179722801,0,0.0549427204833982
"1717",0,0.327821346023586,0,0.150862475010417
"1718",0,0.339177012389258,0,0.0863896889799286
"1719",0,0.154146613834768,0,0.0761247174574368
"1720",0,0.245208496119315,0,0.0584183735834738
"1721",0,0.653317139823307,0,0.211019830467026
"1722",0,0.533083024523753,0,0.2483988497167
"1723",0,0.228051461306535,0,0.0436300498784317
"1724",0,1.30521431781244,0,0.314108842691061
"1725",0,0.392358464768613,0,0.0612913452652342
"1726",0,0.37063223519829,0,0.0900121509355588
"1727",0,0.377562085217465,0,0.165721819861716
"1728",0,0.931394057861273,0,0.139622162413518
"1729",0,0.336139326864253,0,0.10396349598379
"1730",0,0.614044226537245,0,0.388361241874392
"1731",0,0.430790100478868,0,0.0626648094787166
"1732",0,1.08065883191519,0,0.443141604709354
"1733",0,0.330751885712581,0,0.163257600291407
"1734",0,0.264214142912724,0,0.112876466128865
"1735",0,0.905141100528557,0,0.236573635477754
"1736",0,0.653931139768947,0,0.171547260398062
"1737",0,0.542181596396461,0,0.187334477698996
"1738",0,0.621657742432846,0,0.166139678225093
"1739",0,0.525259348782685,0,0.190152540346042
"1740",0,0.628581989956901,0,0.17242970844279
"1741",0,0.565236237274116,0,0.13413804492386
"1742",0,0.546287248016272,0,0.199594618137136
"1743",0,0.587488208773575,0,0.413217438511183
"1744",0,0.736999945250916,0,0.201366399719831
"1745",0,0.305710701600993,0,0.14999729833032
"1746",0,0.849173419964661,0,0.315908303175872
"1747",0,0.36030660629381,0,0.117914459885395
"1748",0,0.790348013541306,0,0.159479356614475
"1749",0,0.569110851415954,0,0.312104930325842
"1750",0,0.734500124209131,0,0.106430765876734
"1751",0,0.305198408323993,0,0.119015046624418
"1752",0,1.40141058393887,0,0.321788796281043
"1753",0,0.62961474104204,0,0.141114536322785
"1754",0,1.3081976489074,0,0.387585640550546
"1755",0,0.5115131797587,0,0.116242876429755
"1756",0,0.779780156581277,0,0.102699897274032
"1757",0,0.383300591931968,0,0.118093386870128
"1758",0,0.347003436696551,0,0.161654330572079
"1759",0,0.372036698502261,0,0.161425862599144
"1760",0,0.641996961185541,0,0.251714783807951
"1761",0,0.767147546583186,0,0.326239194524669
"1762",0,0.48199936999975,0,0.218823288925816
"1763",0,0.368444819141317,0,0.0506328328869718
"1764",0,1.24681960315589,0,0.24116469149419
"1765",0,0.579521501193876,0,0.110615749402633
"1766",0,0.548576151997578,0,0.230028052389724
"1767",0,0.906980138127302,0,0.306656963976506
"1768",0,0.435601410182882,0,0.238367015569008
"1769",0,0.429364859922119,0,0.130070954386182
"1770",0,0.132540004813063,0,0.058372759892624
"1771",0,0.475928079615091,0,0.175484563892777
"1772",0,0.78348630943585,0,0.201911369693257
"1773",0,0.971656187083616,0,0.225656886708517
"1774",0,0.440663748317295,0,0.366037301162568
"1775",0,0.588153657143709,0,0.114301021941779
"1776",0,0.394429318918991,0,0.0751282394533718
"1777",0,0.488219531981841,0,0.100475864175771
"1778",0,0.31025533558621,0,0.135461756946479
"1779",0,0.574728886422129,0,0.243702777403589
"1780",0,0.533977824699415,0,0.20447987578648
"1781",0,0.422525784926988,0,0.144227477366667
"1782",0,0.14218253823496,0,0.0713987472428535
"1783",0,0.451009980047563,0,0.101836409439135
"1784",0,0.726639884804922,0,0.131676234915778
"1785",0,0.317046189643375,0,0.145430645996007
"1786",0,0.34760423238846,0,0.193219848621567
"1787",0,0.482736095021933,0,0.133305688881611
"1788",0,0.557696371944876,0,0.28405050340482
"1789",0,0.705327238527912,0,0.525152504039666
"1790",0,0.862754237608633,0,0.29847185118009
"1791",0,0.615479345044131,0,0.0822128510473277
"1792",0,0.252931781818849,0,0.111851553142892
"1793",0,0.395167522960239,0,0.187582766466209
"1794",0,0.500001848402272,0,0.274491003451473
"1795",0,0.675888371564847,0,0.342398286320359
"1796",0,0.2364186150563,0,0.0868751814485014
"1797",0,0.311974556706099,0,0.188353971722544
"1798",0,0.548889234472059,0,0.192379094946787
"1799",0,0.367350738610943,0,0.120409608163197
"1800",0,0.695887850236523,0,0.245281040991284
"1801",0,0.793091341030378,0,0.431542027076666
"1802",0,0.558543328468392,0,0.448014962431343
"1803",0,0.296084743705604,0,0.0899075438153835
"1804",0,0.769338320130887,0,0.121960521323596
"1805",0,0.50826360158218,0,0.102812388796737
"1806",0,0.504279377229842,0,0.0810746141238229
"1807",0,0.513405242578579,0,0.177685489302101
"1808",0,0.308776778496784,0,0.166410533050907
"1809",0,0.963546544082405,0,0.231090683970511
"1810",0,0.349841786891168,0,0.21866535256518
"1811",0,0.762300088655117,0,0.165031786647077
"1812",0,0.654817565651322,0,0.198110371702117
"1813",0,0.829534165199521,0,0.229305724941918
"1814",0,0.779301046144157,0,0.138745492463099
"1815",0,0.744931471675731,0,0.257172519626621
"1816",0,0.541473087193309,0,0.194214700600621
"1817",0,0.702960220788129,0,0.423390617394217
"1818",0,0.429196266501545,0,0.0699011191460897
"1819",0,0.384501767058082,0,0.171747319814635
"1820",0,0.234099481872305,0,0.0735125028279859
"1821",0,0.774377421494607,0,0.449218972287646
"1822",0,0.87129516835593,0,0.270826736694073
"1823",0,0.469999521835037,0,0.246667213497321
"1824",0,0.419607916083492,0,0.198273032797558
"1825",0,0.485236838400125,0,0.0578789616035728
"1826",0,0.48488672281823,0,0.12006293204611
"1827",0,0.908186392086308,0,0.337919867650232
"1828",0,0.274849703706847,0,0.0813468240348048
"1829",0,0.388423580873099,0,0.194024607813924
"1830",0,0.294821913125085,0,0.103998850555492
"1831",0,0.616243713947593,0,0.373419798901995
"1832",0,0.488605413845805,0,0.195641491527638
"1833",0,0.868920006031214,0,0.0890462726341924
"1834",0,0.669931649347472,0,0.21780965734922
"1835",0,0.486705716217585,0,0.25088462154647
"1836",0,0.535370331474673,0,0.137395833956374
"1837",0,0.53417203937429,0,0.185020776362554
"1838",0,0.378140294948128,0,0.174883668225324
"1839",0,0.284381009692594,0,0.230114006185666
"1840",0,0.285233638895665,0,0.0892315876248514
"1841",0,0.318293498988469,0,0.127292197710343
"1842",0,0.429363317329521,0,0.198811939463149
"1843",0,0.600673469282808,0,0.171088771592635
"1844",0,0.457454817379759,0,0.15425925181808
"1845",0,0.416181753030873,0,0.150081033056155
"1846",0,0.387717182966855,0,0.230001428725645
"1847",0,0.900110182951587,0,0.248762872986235
"1848",0,0.396351144423467,0,0.137122532082352
"1849",0,0.192215146452786,0,0.0781772300821627
"1850",0,0.169133804870841,0,0.0757199746086377
"1851",0,0.25063340197604,0,0.109044776000918
"1852",0,0.519477965224403,0,0.18794994542274
"1853",0,0.369778181930057,0,0.0677555431228331
"1854",0,0.288808917317994,0,0.164091036861879
"1855",0,0.434672108479862,0,0.236967642876235
"1856",0,0.600316161702285,0,0.156252245718837
"1857",0,0.372863952733552,0,0.165324033635455
"1858",0,0.281277981873083,0,0.0589671172933105
"1859",0,0.345859422828212,0,0.129603666301472
"1860",0,0.605000739649128,0,0.160394228114542
"1861",0,0.349529972316897,0,0.190075938819412
"1862",0,0.463887748008217,0,0.232367388452746
"1863",0,0.448065876528837,0,0.111825283959191
"1864",0,0.273576970865275,0,0.145623582391066
"1865",0,0.659953188795752,0,0.292255419336221
"1866",0,0.215742535482013,0,0.121635928243933
"1867",0,0.45659674562159,0,0.134348582172107
"1868",0,0.670163138805191,0,0.181246663208015
"1869",0,1.19065091920936,0,0.581569403408186
"1870",0,0.564871322809685,0,0.348735580400921
"1871",0,0.534010734383043,0,0.224097342865527
"1872",0,0.416601358831508,0,0.111246878549919
"1873",0,0.482033520325939,0,0.335188550309108
"1874",0,0.381618980552767,0,0.120478533163364
"1875",0,0.605818605925663,0,0.350564237400239
"1876",0,0.365554399964805,0,0.184094737550744
"1877",0,0.216796862765577,0,0.131648891492621
"1878",0,0.471193225413072,0,0.178154645188499
"1879",0,0.315266937858854,0,0.136528279968927
"1880",0,0.112914804969736,0,0.0557164600065643
"1881",0,1.06365906388816,0,0.210733347314606
"1882",0,0.326112942020315,0,0.116577686456781
"1883",0,0.556921974421633,0,0.366871405362232
"1884",0,0.510500438769224,0,0.164449383330818
"1885",0,0.368685266250687,0,0.135766241552804
"1886",0,0.453476250415943,0,0.136087665067116
"1887",0,0.374630014879636,0,0.0771333867887198
"1888",0,0.874240171434223,0,0.187489777985159
"1889",0,0.794859620108121,0,0.0420726125178814
"1890",0,0.281123607590767,0,0.127599274309502
"1891",0,0.355478927632034,0,0.187325634063313
"1892",0,0.447186034972682,0,0.29206050787804
"1893",0,0.689616169169466,0,0.291641125699035
"1894",0,0.34852187069496,0,0.0609694263080242
"1895",0,0.715822777735493,0,0.163482264771031
"1896",0,0.407280782094369,0,0.180913170743892
"1897",0,0.486732921925893,0,0.146172568864269
"1898",0,0.295361321135218,0,0.110259952409657
"1899",0,0.260994331622819,0,0.142199102184691
"1900",0,0.417370459162088,0,0.127778698555849
"1901",0,0.442162685211619,0,0.338327167248088
"1902",0,0.472661910622715,0,0.198354954795251
"1903",0,1.56725765360418,0,0.587328413374098
"1904",0,0.464533008024341,0,0.148820713675149
"1905",0,0.366407762731142,0,0.144342921772759
"1906",0,0.138882817398546,0,0.0436062789449163
"1907",0,0.841791125924088,0,0.311138698406794
"1908",0,0.394828315939625,0,0.218714214991561
"1909",0,0.637937193875539,0,0.402847080255148
"1910",0,0.597119488577912,0,0.107608892354077
"1911",0,0.317847197566636,0,0.0771631137262748
"1912",0,0.348250889903519,0,0.209696869897406
"1913",0,0.553396776557926,0,0.278789050133414
"1914",0,0.294480587784981,0,0.141471300806043
"1915",0,0.366976244392074,0,0.0905575189717332
"1916",0,0.210820601543985,0,0.0425364813982285
"1917",0,0.547484332153564,0,0.335453692199485
"1918",0,0.154762449404581,0,0.0476843282708714
"1919",0,0.291249902847686,0,0.180714948443215
"1920",0,0.380925957513854,0,0.127453131057024
"1921",0,0.420305740393576,0,0.192774183483028
"1922",0,0.354127979504063,0,0.136991862993183
"1923",0,0.510617529135367,0,0.151264118258912
"1924",0,0.249133099990139,0,0.093573301787757
"1925",0,0.306997008078845,0,0.13778708344029
"1926",0,0.441252141824511,0,0.211957370123581
"1927",0,0.646481846118234,0,0.444006351065584
"1928",0,0.278486088026851,0,0.0731209981420707
"1929",0,1.15358862202004,0,0.304377219359572
"1930",0,0.709579499041448,0,0.208474662573847
"1931",0,0.435602800550791,0,0.254047770848505
"1932",0,0.382789112993928,0,0.121101677379514
"1933",0,0.938481476774976,0,0.250240863903319
"1934",0,0.448634006656133,0,0.108946352846575
"1935",0,0.313288571635339,0,0.155942363894765
"1936",0,0.538605978064415,0,0.219913604057026
"1937",0,0.439601838751569,0,0.107414892549372
"1938",0,0.370429401324964,0,0.14225854913268
"1939",0,0.964470610138058,0,0.116450068540323
"1940",0,0.435497286704069,0,0.152052875951831
"1941",0,0.497289902953259,0,0.10394306091985
"1942",0,0.52398315941294,0,0.25210969428457
"1943",0,0.472184888910556,0,0.0493820255969653
"1944",0,0.291076078101694,0,0.203424485227205
"1945",0,0.316256350587487,0,0.0845140709722556
"1946",0,0.825971028651578,0,0.368188069149464
"1947",0,0.528942838012629,0,0.267447941377532
"1948",0,0.366637791657926,0,0.123460458814377
"1949",0,0.618637058627668,0,0.216882892900582
"1950",0,0.422982223008868,0,0.233860577047076
"1951",0,0.138386693353916,0,0.103991055699116
"1952",0,0.447661033236837,0,0.200646297292259
"1953",0,0.387984107453749,0,0.106688513585702
"1954",0,0.228309295569396,0,0.0829792449471114
"1955",0,0.243816890446758,0,0.121231482203963
"1956",0,0.395658900747534,0,0.152625559824575
